"sample_id","SMARCB1","NEC-like SMARCA4 ARID1A","ALV RMS","ACC","ADC","PIT AD","CPH","EWS","ONB","SCC","NEC-like IDH2","EMB RMS","NUT","MCC","LECA","MELA","GPC","CTRL","Unknown"
"SPL-DU-00001",0.00883915132640911,0.011219700202575,0.00272093755865171,0.0091546500195841,0.83812960184393,0.0047340082968264,0.00668822378919989,0.00372055505196166,0.0147769000121522,0.013237696387957,0.0131800170673539,0.00385679326710417,0.00320763933264958,0.00456514663309658,0.00652731913038618,0.00801606795945614,0.00228872912324873,0.00271212347747342,0.0424247395199847
"SPL-DU-00003",0.0235895105936612,0.0238397498249235,0.00655716001008841,0.0228780223667999,0.0260541452902422,0.0109821162891359,0.0156390781432434,0.00920976589028756,0.0307285207062144,0.038794400361787,0.0266552079983866,0.0100916035923489,0.00696121037527676,0.0105646391911798,0.015729806456014,0.109137911281586,0.00582960079211274,0.00717600973748999,0.599581541099221
"SPL-DU-00006",0.0107675714378061,0.0118309439131214,0.00330683435376373,0.0112782718747249,0.0147144709527214,0.00574082095882848,0.00821630940394693,0.0044766464220941,0.0162463392140338,0.316750247839546,0.0151800261331631,0.00479872820149578,0.0037758234904998,0.00574375429304058,0.00911057730615416,0.0112622757189409,0.00277191772631361,0.00352928627120315,0.540499154488602
"SPL-DU-00007",0.0194578559262466,0.0252351186504978,0.00624430254874743,0.0253956758074203,0.0296352592391757,0.0103036330199226,0.0162621484476472,0.00875214362153336,0.0262015650314405,0.560623253066728,0.0228879654022585,0.00891760096123974,0.0100775219318469,0.0117653393314396,0.0150233690050027,0.0179432201357307,0.00573749179445061,0.00876510977339907,0.170771426305273
"SPL-DU-00009",0.042601204794931,0.0377076389136494,0.00981106824779888,0.03087874843,0.0403775368534519,0.0168849453927391,0.0240814850325778,0.0130502086751912,0.0540069191498877,0.0537556576402305,0.240861168928488,0.0145636652526643,0.0100869407871818,0.0156582536151289,0.0295523430240712,0.0332031005049924,0.00806083062325777,0.00971671180964294,0.315141572324116
"SPL-DU-00010",0.00371743756069087,0.931009404304192,0.00128999106925488,0.00410104120985264,0.00481449660109367,0.00213863207988628,0.00289561503924811,0.00164551104237513,0.00752084064144106,0.00504527891947527,0.00563322592853578,0.00180241771206814,0.00121522381556226,0.00207866323007665,0.00257326631805645,0.00324386661733538,0.00102038724046362,0.00120419584732048,0.0170505048230713
"SPL-DU-00011",0.0308488023944159,0.0487160699596954,0.0100949649958367,0.0651218198667202,0.0447887076976369,0.0192871215903792,0.0332235670242545,0.0144601136303853,0.0510976250780346,0.0617670041192906,0.0370697271641943,0.0145642878454663,0.0155840911580666,0.018788226898594,0.0248884996809973,0.033194092262529,0.0115050703928641,0.0272762775814458,0.437723930659193
"SPL-DU-00012",0.0404033139735522,0.0337094248692075,0.00841617244722234,0.0269871003156434,0.0361287698181933,0.0155290966593997,0.0218429506708988,0.0113872688431721,0.0469272951951936,0.049984799950954,0.0761742953239643,0.0123995875425113,0.00957518466456763,0.0142707785247967,0.0344245389887909,0.0295666382071574,0.00708679230351112,0.00860051586740042,0.516585475833863
"SPL-DU-00013",0.0191414206330743,0.0181708275753587,0.0057870870344408,0.0174590292622721,0.0220142987432382,0.0094234429642875,0.012884121345107,0.00791673349832983,0.0258233081633016,0.0284847027312786,0.024658699565027,0.00859764828370339,0.00546038579602344,0.00864573733991381,0.0144106673843629,0.407451561644969,0.00487425986774785,0.00562601356457882,0.353170054602985
"SPL-DU-00014",0.0141273851815946,0.0236508416004069,0.00483911943147974,0.016242391326923,0.0205275966870089,0.00937019038457153,0.0116780145632851,0.00649314729152067,0.712959637116432,0.0219666457956014,0.0212306374245891,0.00668872521249352,0.00476944336226106,0.00826169276095946,0.0103039917725798,0.0134096261973698,0.00413608988637925,0.00496234663387695,0.0843824773706672
"SPL-DU-00015",0.0205788925913062,0.018770216784098,0.00548747823596467,0.0176717318832683,0.0227965724012118,0.00938314666473061,0.0130254862819748,0.00752548498798996,0.0264974946760431,0.0333140651933248,0.0241697984993317,0.0082528952401789,0.00560686919441741,0.00871875214860129,0.0158412901733275,0.137792217540708,0.00469968614484795,0.00556426958865756,0.614303651770018
"SPL-DU-00016",0.0235689606139464,0.0188181210668415,0.00625491803892783,0.0186444373749552,0.0209307834911082,0.00932789895190419,0.0129410499165155,0.00867754715490155,0.0258071560044152,0.023964429290128,0.0236530698103572,0.00957723850728855,0.00565356343246206,0.00934715216462417,0.0135381815538826,0.576052528268611,0.00516167565633371,0.00580063509764012,0.182280653605157
"SPL-DU-00020",0.00910873294190213,0.84215492286211,0.00312581916578239,0.00951721860712531,0.0108816025876187,0.00527523084635948,0.00707457342890798,0.0039398201231,0.0173554400084169,0.0114918198679065,0.0125070213827584,0.00433343082047444,0.00310578519170005,0.00542653141140901,0.00604045970130558,0.00751311749518648,0.00243657860660995,0.00294312320459036,0.0357687717467356
"SPL-DU-00021",0.00780060058897962,0.00826270172409924,0.00240267416664543,0.00851485599166893,0.00987784140192231,0.00382620566125325,0.005719117354631,0.00328318990128353,0.0100243748443965,0.809798986585754,0.0097624251040072,0.00346678747656138,0.00300859925946789,0.00436572636345697,0.00612800885239231,0.00715957464839771,0.0020184382023877,0.00276914609894643,0.0918107457737482
"SPL-DU-00022",0.0172502039264223,0.0198300917323422,0.00514873726921924,0.017925425229649,0.185781509355429,0.00928589623089972,0.0130056819533423,0.00698936509289595,0.0290142161169516,0.0387284339612104,0.0268722104243141,0.00746093406333296,0.00543828632060713,0.00834574811859453,0.0144898836248052,0.0178800347467241,0.00429259682853199,0.00502816680903991,0.567232578195689
"SPL-DU-00023",0.00460692523267357,0.00560272149017686,0.00146679303457609,0.00538050303505322,0.00711191601510933,0.00275371935609783,0.00382135749011035,0.00199055420077929,0.0084202727605637,0.0195883682436693,0.00739916838850039,0.00216230954596858,0.00155986251104882,0.00239413111284653,0.00417115792776296,0.00565752291384172,0.00122159875546665,0.00143310809504532,0.913258009890709
"SPL-DU-00024",0.00721844771212375,0.00906930095841245,0.00228531144011264,0.00836059889898301,0.0177043723171109,0.00432253431620276,0.00615443692040671,0.00314911816386208,0.0131507234101891,0.0212905962448799,0.0111879909114842,0.00335896543480537,0.00254044341631284,0.00377984017501829,0.00639559173015844,0.00863140552853147,0.00208878690905065,0.00256435254876895,0.866747182963586
"SPL-DU-00027",0.00410190986452367,0.922949722885315,0.00143581973747559,0.00477291284552911,0.00526336070753141,0.00235208853717271,0.00327991110096138,0.00183252745310381,0.00846380517847238,0.00560079770046052,0.00624484626312326,0.00202236609627483,0.00135042795626725,0.00233194939049417,0.00286486813295009,0.00361459581613706,0.00114597386297722,0.00136068722239582,0.019011429248835
"SPL-DU-00029",0.0094024829868557,0.0148900528409363,0.00317176709533842,0.0102948178161265,0.0129165277588919,0.00611576039697092,0.00791273483935395,0.00431232237658811,0.812081869332977,0.014444969585714,0.0144976555012452,0.00442202210826736,0.00307578909341708,0.00540191479401031,0.00690960583857812,0.0089736088459878,0.00287373119636883,0.00347249585060181,0.0548298717417708
"SPL-DU-00031",0.00984028262711807,0.0135070555947137,0.00320837898119894,0.0134144868491656,0.0159006355782035,0.00608101812710538,0.00914854341637741,0.00448293198828243,0.0174390393814897,0.0306203892103802,0.014265073428758,0.00471504635762385,0.00395845963346919,0.00548522325713791,0.00864456070774623,0.0117654893799628,0.00316559949346411,0.0053576326922663,0.819000153295537
"SPL-DU-00033",0.0160028446326459,0.0280350864020676,0.00542896781714788,0.0185132280826592,0.0250660107794249,0.0107654772960562,0.0137128346837184,0.00747357046709599,0.66184696908737,0.0253319778588593,0.0238519411461424,0.00755634284976236,0.0055959189323737,0.00927076834221181,0.0118225308964004,0.0154042775008638,0.00500481126966287,0.00618592235612443,0.103130519599413
"SPL-DU-00034",0.0121789691141971,0.0207498679269067,0.0039098978833479,0.016805844678673,0.0218054451470988,0.00709563448333914,0.00982411879152754,0.00530544948996738,0.0209495907843797,0.0391739876500887,0.0175452533345291,0.00565556340957294,0.00478995342108309,0.00688063754352169,0.00992693644665308,0.0133607616461928,0.00332994551747536,0.00410542655756821,0.776606716173878
"SPL-DU-00037",0.0421574308843135,0.0758701434488442,0.0130491504006901,0.0520479170627044,0.0472438414839887,0.0221418357374093,0.0480262594677677,0.0225087954633667,0.0302556559425418,0.0484952996437373,0.0234175577236987,0.0187711625143776,0.40418144033259,0.0382255991597114,0.0263246181003319,0.0262717985052591,0.0154234106907256,0.0321238758429847,0.0134642075949575
"SPL-DU-00038",0.00909787988308698,0.0110862030929018,0.00289126533508302,0.0245898908407327,0.0129250640192606,0.00525099251557702,0.00762124891584378,0.00401835162709398,0.0161005315541167,0.0229380996431755,0.0137680373875185,0.00420857369460605,0.00311334337933698,0.00488314652999061,0.00754063842038736,0.0102841085796303,0.00239545902308395,0.00279035155490353,0.83449681400367
"SPL-DU-00039",0.00832033394877974,0.00935912243446069,0.00239723332703882,0.00864972446193198,0.011643480812188,0.0044391201257458,0.00604001155050458,0.00320315523956109,0.0137637387694623,0.0219243442610665,0.0133768496217842,0.0035620250028254,0.0025218021522313,0.00386974372625849,0.00667050245458332,0.00891840600190982,0.00195952102287449,0.00231166141748342,0.86706922366931
"SPL-DU-00040",0.0232106681044104,0.0285807160105247,0.00747055711644162,0.485704297664479,0.0281628176398567,0.0123719448805253,0.0215191293968376,0.0104713294292277,0.0365139283006014,0.0357143754235067,0.0304566564788577,0.0106628618718265,0.00800809027236021,0.0129094970179272,0.0165297952244413,0.0225040983728774,0.0065352504548689,0.00807956186783194,0.194594424472597
"SPL-DU-00041",0.221012803259359,0.0403326536183088,0.0100721362976598,0.0353721685434574,0.0492477518600265,0.0177602425578056,0.0246528537931431,0.0140047696868295,0.0492254405102882,0.0633407622937091,0.0417285887494321,0.0148084404582583,0.0125202417245618,0.0178567943434493,0.0249098465683474,0.0334253158989371,0.00882727933945889,0.0112536589768865,0.309648251520081
"SPL-DU-00042",0.00445915241709539,0.00524925672618666,0.00135559638535727,0.0050027375416831,0.00650400837830733,0.00263966229788887,0.00359291427086455,0.00185395774688002,0.00815522373847688,0.0124025867114739,0.00689336787240349,0.00199894611035703,0.00141530717328801,0.00217381333346206,0.00382456470422586,0.00529195445478774,0.00114739413091527,0.00132759293458134,0.924711963071765
"SPL-DU-00043 T",0.0076290695250195,0.00857748031256871,0.00220269715232063,0.00800489486572515,0.0106299327500571,0.00409621509753648,0.00560010581416562,0.00294863482787985,0.0126076246484398,0.0215380150551818,0.0118141512890264,0.0032608808257422,0.00232560931630981,0.00357563960037379,0.00612904540168859,0.00825557433408388,0.00180724054982185,0.00213564555570163,0.876861543078357
"SPL-DU-00045",0.0114252165037713,0.0132520149019302,0.00356538555444073,0.0127775060334627,0.0164431043890271,0.00636931602839284,0.00926132288994212,0.0048716129419356,0.0181004766673736,0.165415738896425,0.0162296686730196,0.00518388721088956,0.00417708124578614,0.00620519922775245,0.00970444046760928,0.0124035272419464,0.00304867545138947,0.00387204941563673,0.677693776259269
"SPL-DU-00048",0.0237965022975451,0.0348295941452047,0.00758316116860638,0.0342196294846147,0.0334276290864186,0.013484205667107,0.0193688937580879,0.0105368783069989,0.0361292197522719,0.0496407463917915,0.0285715451205243,0.0109604053705105,0.0161736394338021,0.0149572650020392,0.0178777413495816,0.0230555852286023,0.0063883549792505,0.0082512674297249,0.610747736027318
"SPL-DU-00050",0.0183740528686306,0.0189532755721383,0.00479570915287729,0.0164853922315795,0.0211676325169428,0.00869726419655373,0.0115484563946478,0.0062617693438618,0.0310577413244542,0.0345834498671694,0.0316901838600123,0.0070829886104362,0.00487755943457108,0.00774190671627338,0.0125914776295262,0.0164259408448798,0.00379823480313498,0.00448490396314912,0.739382060669162
"SPL-DU-00052",0.00560416092499883,0.00753774252808285,0.00180698010954024,0.00684231603087953,0.00909725038677354,0.00340960141146319,0.00462254750359298,0.00241985853770524,0.0107082668505283,0.0166251206408201,0.00921058124660704,0.00267505312385356,0.00190630548855347,0.00290116498180603,0.00489813678585895,0.00664329311333575,0.00149197905838493,0.00177953751824506,0.89982010375897
"SPL-DU-00053 T",0.00520343831017617,0.00706582670824224,0.00169950946831154,0.00646652425209746,0.00866668747829784,0.00322793646934669,0.00435904398058313,0.00228108056587125,0.0102353252619299,0.0155628911463995,0.0085354186163389,0.00250484557237332,0.00179577881565206,0.00272382933134871,0.00461262881879162,0.00624891655858777,0.00140354187725242,0.0016660771867994,0.9057406995816
"SPL-DU-00054",0.0134617282860422,0.0149621524833266,0.00411341112324961,0.0149245587695552,0.019500665920785,0.00687312710681213,0.0100785128743549,0.00561464473043572,0.0185076332205588,0.599512893622711,0.0171554700665782,0.00589622989142202,0.00512581112988463,0.00764810933590942,0.0107010442933611,0.0128153494086887,0.00352604734731992,0.00473526418407905,0.224847346204926
"SPL-DU-00055 T",0.00857799975904402,0.00882411555018626,0.00257468699341147,0.00863970248691314,0.0116227081291236,0.00420275326342647,0.00615736620288953,0.00348126817546778,0.0113194576423007,0.755373958800234,0.0110327785712987,0.0036957964764967,0.00305438119112504,0.00469137814071601,0.00688582649576499,0.00799979389436244,0.00215807541053235,0.00288342221320365,0.136824530603503
"SPL-DU-00056",0.0137293714922815,0.014956090845675,0.00376131759618557,0.0133471397735893,0.0176302892003484,0.00678766992785324,0.0092409993396946,0.00494842496698685,0.0211221123104245,0.03096606216999,0.0245199675930651,0.00565247427998553,0.00391792036068146,0.00602631437860882,0.0100317701604134,0.0134371580109537,0.0030318422123583,0.00364794838685293,0.793245126994052
"SPL-DU-00057",0.00522689863803865,0.00703307971697484,0.00183876598682585,0.895496781330447,0.00668895384779282,0.00289503126643854,0.00472502407700385,0.00251004804935713,0.00865223119901664,0.00708462100348402,0.00738472374501645,0.00255298227605827,0.00189689076055948,0.00319233967281012,0.00373623201937509,0.00494058908479149,0.00152757819088908,0.00181847476433982,0.0307987543707813
