"tSNE1","tSNE2","sample_id","predicted_class","confidence_score","confidence_tier","frac_na","qc_flag","dataset"
-24.7771477073677,0.196065571214704,"SPL-DU-00001","ADC",0.8381,"Suggestive (0.5-0.84)",0.0528255606863676,"FLAGGED","RCSI"
5.16569474610708,-15.2500186686295,"SPL-DU-00003","Unknown",0.5996,"Suggestive (0.5-0.84)",0.0973424052725314,"PASS","RCSI"
-9.60586384619683,0.178874117305509,"SPL-DU-00006","Unknown",0.5405,"Suggestive (0.5-0.84)",0.041652358455353,"FLAGGED","RCSI"
-12.9658555753051,2.67543737817316,"SPL-DU-00007","SCC",0.5606,"Suggestive (0.5-0.84)",0.061121479380179,"FLAGGED","RCSI"
-11.6976469435735,-17.8758519837193,"SPL-DU-00009","Unknown",0.3151,"Non-informative (<0.5)",0.0624812038093613,"PASS","RCSI"
9.59255494376015,23.146203678935,"SPL-DU-00010","NEC-like SMARCA4 ARID1A",0.931,"Strong (>=0.9)",0.0542588702023057,"PASS","RCSI"
-3.02219361903649,10.3727553291127,"SPL-DU-00011","Unknown",0.4377,"Non-informative (<0.5)",0.0729420170845375,"PASS","RCSI"
-11.4169255807352,-17.2190511627312,"SPL-DU-00012","Unknown",0.5166,"Suggestive (0.5-0.84)",0.111693630090968,"FLAGGED","RCSI"
2.8995226728816,-18.1023948781344,"SPL-DU-00013","MELA",0.4075,"Non-informative (<0.5)",0.174156704241274,"PASS","RCSI"
27.7453045154568,6.42585757845509,"SPL-DU-00014","ONB",0.713,"Suggestive (0.5-0.84)",0.262339365888513,"FLAGGED","RCSI"
3.9975522425318,-16.032940075828,"SPL-DU-00015","Unknown",0.6143,"Suggestive (0.5-0.84)",0.0939446938753746,"PASS","RCSI"
6.39917903210374,-17.0859921937518,"SPL-DU-00016","MELA",0.5761,"Suggestive (0.5-0.84)",0.083734496475381,"PASS","RCSI"
10.4460801668868,16.0788112723643,"SPL-DU-00020","NEC-like SMARCA4 ARID1A",0.8422,"Acceptable (0.84-0.9)",0.0549637940044151,"PASS","RCSI"
-12.8254812277182,2.41340962314303,"SPL-DU-00021","SCC",0.8098,"Suggestive (0.5-0.84)",0.165811728822959,"PASS","RCSI"
-23.8213898371442,-3.21056619437332,"SPL-DU-00022","Unknown",0.5672,"Suggestive (0.5-0.84)",0.093358146082394,"FLAGGED","RCSI"
-5.86649561093178,-0.254418620286696,"SPL-DU-00023","Unknown",0.9133,"Strong (>=0.9)",0.201427977263275,"FLAGGED","RCSI"
-1.85579835239007,2.68469612767657,"SPL-DU-00024","Unknown",0.8667,"Acceptable (0.84-0.9)",0.0837675564418944,"PASS","RCSI"
11.5447945930913,21.5365098996421,"SPL-DU-00027","NEC-like SMARCA4 ARID1A",0.9229,"Strong (>=0.9)",0.0410380829485224,"PASS","RCSI"
25.4377207783499,7.99502719088168,"SPL-DU-00029","ONB",0.8121,"Suggestive (0.5-0.84)",0.0486632042572705,"FLAGGED","RCSI"
-2.817077318127,10.0059516445002,"SPL-DU-00031","Unknown",0.819,"Suggestive (0.5-0.84)",0.0694067335686634,"PASS","RCSI"
27.7570599727656,8.43931482094332,"SPL-DU-00033","ONB",0.6618,"Suggestive (0.5-0.84)",0.0889537053823758,"PASS","RCSI"
-20.8327229376234,4.94143119882291,"SPL-DU-00034","Unknown",0.7766,"Suggestive (0.5-0.84)",0.0423775448175836,"FLAGGED","RCSI"
-6.3585970803524,7.54452848026378,"SPL-DU-00037","NUT",0.4042,"Non-informative (<0.5)",0.0868602629867014,"PASS","RCSI"
-14.3711062331423,10.3398204662497,"SPL-DU-00038","Unknown",0.8345,"Suggestive (0.5-0.84)",0.0695507043905768,"PASS","RCSI"
-1.94389563735194,-3.40834994217212,"SPL-DU-00039","Unknown",0.8671,"Acceptable (0.84-0.9)",0.535149143106997,"FLAGGED","RCSI"
-14.4106935372588,10.3281950257682,"SPL-DU-00040","ACC",0.4857,"Non-informative (<0.5)",0.175727585875929,"PASS","RCSI"
-3.8891274216153,-10.030401092737,"SPL-DU-00041","Unknown",0.3096,"Non-informative (<0.5)",0.173579754503087,"PASS","RCSI"
1.51746110758634,4.87716707364253,"SPL-DU-00042","Unknown",0.9247,"Strong (>=0.9)",0.112051957469953,"PASS","RCSI"
-3.38598174116071,-2.31673413274675,"SPL-DU-00043 T","Unknown",0.8769,"Acceptable (0.84-0.9)",0.696964881783958,"FLAGGED","RCSI"
-9.19440284982359,1.29371439165631,"SPL-DU-00045","Unknown",0.6777,"Suggestive (0.5-0.84)",0.136589917776664,"PASS","RCSI"
-8.47644193966648,6.88657563947328,"SPL-DU-00048","Unknown",0.6107,"Suggestive (0.5-0.84)",0.431215007091896,"FLAGGED","RCSI"
-2.08021511481524,-3.17134207570028,"SPL-DU-00050","Unknown",0.7394,"Suggestive (0.5-0.84)",0.591760603184421,"FLAGGED","RCSI"
-0.757606114650533,-1.7245357464794,"SPL-DU-00052","Unknown",0.8998,"Acceptable (0.84-0.9)",0.886617112265248,"FLAGGED","RCSI"
0.0468091960481942,-1.60202115786973,"SPL-DU-00053 T","Unknown",0.9057,"Strong (>=0.9)",0.86418005950794,"FLAGGED","RCSI"
-12.7869250122585,0.695123378042216,"SPL-DU-00054","SCC",0.5995,"Suggestive (0.5-0.84)",0.275502564813531,"FLAGGED","RCSI"
-13.2762985792742,0.722430535028404,"SPL-DU-00055 T","SCC",0.7554,"Suggestive (0.5-0.84)",0.154499888022694,"FLAGGED","RCSI"
-0.965211707851347,-1.75417600735045,"SPL-DU-00056","Unknown",0.7932,"Suggestive (0.5-0.84)",0.0487229254871013,"FLAGGED","RCSI"
-11.7982435220693,11.9234556064195,"SPL-DU-00057","ACC",0.8955,"Acceptable (0.84-0.9)",0.157843210442684,"PASS","RCSI"
0.612643656518655,-8.51269593505374,"NEC1","NEC",NA,NA,NA,NA,"Jurmeister"
9.43893637904254,15.7699507310065,"SNUC1","SNUC",NA,NA,NA,NA,"Jurmeister"
17.377036052984,-12.7728477491763,"ALV_RMS1","ALV RMS",NA,NA,NA,NA,"Jurmeister"
-15.1137815877247,11.2619636910873,"ACC1","ACC",NA,NA,NA,NA,"Jurmeister"
-22.1555646855035,2.82951332667206,"ADC1","ADC",NA,NA,NA,NA,"Jurmeister"
18.6045132345074,12.856930206747,"APA1","PIT AD",NA,NA,NA,NA,"Jurmeister"
18.4339089191058,13.2581037498076,"APA2","PIT AD",NA,NA,NA,NA,"Jurmeister"
20.7074956381956,14.0947988600361,"APA3","PIT AD",NA,NA,NA,NA,"Jurmeister"
20.4278067957475,13.9317817895901,"APA4","PIT AD",NA,NA,NA,NA,"Jurmeister"
20.5652346214853,13.9422900792676,"APA5","PIT AD",NA,NA,NA,NA,"Jurmeister"
-10.1476804692324,-18.9825832397918,"APA6","PIT AD",NA,NA,NA,NA,"Jurmeister"
0.513970577217593,2.87248823957771,"APA7","PIT AD",NA,NA,NA,NA,"Jurmeister"
18.25926729349,11.1619879200435,"APA8","PIT AD",NA,NA,NA,NA,"Jurmeister"
19.5016796443286,13.5703588160907,"APA9","PIT AD",NA,NA,NA,NA,"Jurmeister"
19.1065700755393,13.1381070463769,"APA10","PIT AD",NA,NA,NA,NA,"Jurmeister"
18.2931500747746,11.2146368331235,"APA11","PIT AD",NA,NA,NA,NA,"Jurmeister"
18.6894200330695,13.8263883365862,"APA12","PIT AD",NA,NA,NA,NA,"Jurmeister"
18.5286240791542,13.6359965982658,"APA13","PIT AD",NA,NA,NA,NA,"Jurmeister"
19.3763828813794,14.7615644975023,"APA14","PIT AD",NA,NA,NA,NA,"Jurmeister"
19.3114595330598,14.3413969231761,"APA15","PIT AD",NA,NA,NA,NA,"Jurmeister"
-4.28412324838731,18.9816349802465,"CPH1","CPH",NA,NA,NA,NA,"Jurmeister"
-4.94578624621576,19.6084112736499,"CPH2","CPH",NA,NA,NA,NA,"Jurmeister"
-2.6620704816205,16.5481232517758,"CPH3","CPH",NA,NA,NA,NA,"Jurmeister"
-1.57653552963267,14.0161089991403,"CPH4","CPH",NA,NA,NA,NA,"Jurmeister"
-2.17114717243721,16.253589836071,"CPH5","CPH",NA,NA,NA,NA,"Jurmeister"
-2.73379341587637,15.7104417994074,"CPH6","CPH",NA,NA,NA,NA,"Jurmeister"
-2.58750323714332,16.2933727876246,"CPH7","CPH",NA,NA,NA,NA,"Jurmeister"
-1.42502880059786,14.6065954794846,"CPH8","CPH",NA,NA,NA,NA,"Jurmeister"
-2.36951670580751,15.4302072825525,"CPH9","CPH",NA,NA,NA,NA,"Jurmeister"
-1.90970837055591,15.2112758901889,"CPH10","CPH",NA,NA,NA,NA,"Jurmeister"
-2.23033541794776,15.6629672732979,"CPH11","CPH",NA,NA,NA,NA,"Jurmeister"
-3.22563875475884,18.3487883924888,"CPH12","CPH",NA,NA,NA,NA,"Jurmeister"
-1.29986800365337,14.3457918018971,"CPH13","CPH",NA,NA,NA,NA,"Jurmeister"
-3.98702768983081,18.6157903136232,"CPH14","CPH",NA,NA,NA,NA,"Jurmeister"
-3.20860457519509,19.2394759733101,"CPH15","CPH",NA,NA,NA,NA,"Jurmeister"
-3.61316384968018,18.7507913722922,"CPH16","CPH",NA,NA,NA,NA,"Jurmeister"
-3.86668810609358,19.4347791472948,"CPH17","CPH",NA,NA,NA,NA,"Jurmeister"
-3.725906988807,18.9846712921432,"CPH18","CPH",NA,NA,NA,NA,"Jurmeister"
-3.31675424518818,19.8127822854893,"CPH19","CPH",NA,NA,NA,NA,"Jurmeister"
-3.86326369078013,19.864285792358,"CPH20","CPH",NA,NA,NA,NA,"Jurmeister"
9.21231154213569,-2.99772158929324,"EWS1","EWS",NA,NA,NA,NA,"Jurmeister"
8.74467602436061,-3.79736858509134,"EWS2","EWS",NA,NA,NA,NA,"Jurmeister"
8.48653601559557,-3.39763603837624,"EWS3","EWS",NA,NA,NA,NA,"Jurmeister"
9.04029126565768,-4.53891611612334,"EWS4","EWS",NA,NA,NA,NA,"Jurmeister"
7.75986674812977,-2.00494551209429,"EWS5","EWS",NA,NA,NA,NA,"Jurmeister"
8.28477910967944,-2.27816884623976,"EWS6","EWS",NA,NA,NA,NA,"Jurmeister"
7.73925426583217,-2.12344120565593,"EWS7","EWS",NA,NA,NA,NA,"Jurmeister"
8.22762019365335,-3.19055786607662,"EWS8","EWS",NA,NA,NA,NA,"Jurmeister"
9.06949684976244,-2.85568542813602,"EWS9","EWS",NA,NA,NA,NA,"Jurmeister"
7.50500961293249,-1.9794573886365,"EWS10","EWS",NA,NA,NA,NA,"Jurmeister"
18.7608792598401,-1.4989408940811,"ONB1","ONB",NA,NA,NA,NA,"Jurmeister"
18.1305588318237,2.90325761516671,"ONB2","ONB",NA,NA,NA,NA,"Jurmeister"
18.6889819738658,-1.67605171582109,"ONB3","ONB",NA,NA,NA,NA,"Jurmeister"
18.7470265863688,-1.52970773882515,"ONB4","ONB",NA,NA,NA,NA,"Jurmeister"
26.8859604263017,6.16097375224246,"ONB5","ONB",NA,NA,NA,NA,"Jurmeister"
27.3270531913638,7.15819626545817,"ONB6","ONB",NA,NA,NA,NA,"Jurmeister"
20.2568582334875,3.85743362201721,"ONB7","ONB",NA,NA,NA,NA,"Jurmeister"
21.2261883710179,4.09075008722546,"ONB8","ONB",NA,NA,NA,NA,"Jurmeister"
21.5325373504132,5.33690564444368,"ONB9","ONB",NA,NA,NA,NA,"Jurmeister"
23.0934190171499,7.10923607839514,"ONB10","ONB",NA,NA,NA,NA,"Jurmeister"
22.2178261090416,2.4102792490701,"ONB11","ONB",NA,NA,NA,NA,"Jurmeister"
21.2381102185604,1.91244270614882,"ONB12","ONB",NA,NA,NA,NA,"Jurmeister"
26.371064761765,7.02323039697569,"ONB13","ONB",NA,NA,NA,NA,"Jurmeister"
22.5025327633285,2.83600441354105,"ONB14","ONB",NA,NA,NA,NA,"Jurmeister"
23.4130364389945,4.69288152933195,"ONB15","ONB",NA,NA,NA,NA,"Jurmeister"
24.2641979561153,7.92351170145531,"ONB16","ONB",NA,NA,NA,NA,"Jurmeister"
25.5267638316817,8.56003495880313,"ONB17","ONB",NA,NA,NA,NA,"Jurmeister"
23.15925349971,3.50933390572241,"ONB18","ONB",NA,NA,NA,NA,"Jurmeister"
21.4386385009208,7.5838076628462,"ONB19","ONB",NA,NA,NA,NA,"Jurmeister"
23.6326018586171,5.11125423689796,"ONB20","ONB",NA,NA,NA,NA,"Jurmeister"
25.9356047555073,4.50454305466464,"ONB21","ONB",NA,NA,NA,NA,"Jurmeister"
22.5059097076362,4.18681616175347,"ONB22","ONB",NA,NA,NA,NA,"Jurmeister"
26.5522225067293,5.3130871211061,"ONB23","ONB",NA,NA,NA,NA,"Jurmeister"
25.4327897905567,5.54978293052309,"ONB24","ONB",NA,NA,NA,NA,"Jurmeister"
21.6258974145922,2.0966849170979,"ONB25","ONB",NA,NA,NA,NA,"Jurmeister"
20.861516897169,2.1744683010412,"ONB26","ONB",NA,NA,NA,NA,"Jurmeister"
22.3825298910972,4.75814261467616,"ONB27","ONB",NA,NA,NA,NA,"Jurmeister"
21.112593581619,8.30861051219801,"ONB28","ONB",NA,NA,NA,NA,"Jurmeister"
25.8424236245179,4.47027028171985,"ONB29","ONB",NA,NA,NA,NA,"Jurmeister"
25.3804267052398,3.14085122687241,"ONB30","ONB",NA,NA,NA,NA,"Jurmeister"
23.3759683112273,7.49212954778733,"ONB31","ONB",NA,NA,NA,NA,"Jurmeister"
24.7123823358441,6.96719274215114,"ONB32","ONB",NA,NA,NA,NA,"Jurmeister"
23.3348079362395,3.95370177582877,"ONB33","ONB",NA,NA,NA,NA,"Jurmeister"
27.0366112477948,6.55544172960447,"ONB34","ONB",NA,NA,NA,NA,"Jurmeister"
24.3392749110552,2.54066796202782,"ONB35","ONB",NA,NA,NA,NA,"Jurmeister"
26.22012708626,8.4879873087043,"ONB36","ONB",NA,NA,NA,NA,"Jurmeister"
23.0204455505404,8.00826638774996,"ONB37","ONB",NA,NA,NA,NA,"Jurmeister"
23.4017318557851,8.19688345944835,"ONB38","ONB",NA,NA,NA,NA,"Jurmeister"
23.3171784554126,2.05363520513395,"ONB39","ONB",NA,NA,NA,NA,"Jurmeister"
10.4256174280895,21.5961461618708,"ONB42","ONB",NA,NA,NA,NA,"Jurmeister"
1.8194389997358,-5.65304841560098,"ONB43","ONB",NA,NA,NA,NA,"Jurmeister"
0.968703046110586,5.70781835163103,"ONB44","ONB",NA,NA,NA,NA,"Jurmeister"
10.7674091670484,15.5807435613575,"ONB45","ONB",NA,NA,NA,NA,"Jurmeister"
10.2356050112369,21.969032056816,"ONB46","ONB",NA,NA,NA,NA,"Jurmeister"
10.37449559007,20.1755155563405,"SNUC2","SNUC",NA,NA,NA,NA,"Jurmeister"
26.7545856102545,8.52433678924114,"ONB48","ONB",NA,NA,NA,NA,"Jurmeister"
-0.37077541409579,3.73352486218704,"ONB49","ONB",NA,NA,NA,NA,"Jurmeister"
8.2381133157666,18.7338425779026,"ONB51","ONB",NA,NA,NA,NA,"Jurmeister"
-7.44521342725869,5.71927744759426,"ONB52","ONB",NA,NA,NA,NA,"Jurmeister"
20.4779074157783,7.54754351391731,"ONB53","ONB",NA,NA,NA,NA,"Jurmeister"
23.4906079243701,6.58986280829487,"ONB54","ONB",NA,NA,NA,NA,"Jurmeister"
22.1698912919653,1.59813679365997,"ONB55","ONB",NA,NA,NA,NA,"Jurmeister"
1.59902763531052,-7.04681984325275,"ONB56","ONB",NA,NA,NA,NA,"Jurmeister"
27.3242450626347,7.72153831142853,"ONB57","ONB",NA,NA,NA,NA,"Jurmeister"
-6.40810654464851,1.52713648035672,"SCC1","SCC",NA,NA,NA,NA,"Jurmeister"
-7.7894856353259,0.658372720846335,"SCC2","SCC",NA,NA,NA,NA,"Jurmeister"
-6.70410929664598,-2.34972935870764,"SCC3","SCC",NA,NA,NA,NA,"Jurmeister"
-7.72034172752227,0.0900240556426184,"SCC4","SCC",NA,NA,NA,NA,"Jurmeister"
9.55926681100718,22.6156145638059,"SNUC3","SNUC",NA,NA,NA,NA,"Jurmeister"
-15.133087320551,-22.3111408589234,"ONB58","ONB",NA,NA,NA,NA,"Jurmeister"
-14.7449027982938,-21.5483239556511,"ONB59","ONB",NA,NA,NA,NA,"Jurmeister"
-11.1135715754889,-19.5207575089474,"ONB60","ONB",NA,NA,NA,NA,"Jurmeister"
-12.7702285634175,-23.9964446081364,"ONB61","ONB",NA,NA,NA,NA,"Jurmeister"
-14.7675410991229,-21.8624525343561,"ONB62","ONB",NA,NA,NA,NA,"Jurmeister"
-11.8311918092293,-24.6133518870371,"NEC2","NEC",NA,NA,NA,NA,"Jurmeister"
-14.8042024858778,-23.0559000995544,"ONB63","ONB",NA,NA,NA,NA,"Jurmeister"
-15.0600634797125,-22.9872390058219,"ONB64","ONB",NA,NA,NA,NA,"Jurmeister"
12.9633441793934,-11.581987451652,"EMB_RMS1","EMB RMS",NA,NA,NA,NA,"Jurmeister"
12.794752446524,-11.4185554889038,"EMB_RMS2","EMB RMS",NA,NA,NA,NA,"Jurmeister"
17.4390588123637,-12.3839578633942,"ALV_RMS2","ALV RMS",NA,NA,NA,NA,"Jurmeister"
17.1542084820277,-12.8821189420447,"ALV_RMS3","ALV RMS",NA,NA,NA,NA,"Jurmeister"
-6.5757572453135,7.55208593483076,"NUT1","NUT",NA,NA,NA,NA,"Jurmeister"
9.394216230326,17.3219366612072,"SNUC4","SNUC",NA,NA,NA,NA,"Jurmeister"
-3.49627232133986,-1.24790720470674,"ACC2","ACC",NA,NA,NA,NA,"Jurmeister"
24.2831506918538,4.61378947353828,"ONB65","ONB",NA,NA,NA,NA,"Jurmeister"
-15.0874839439571,-21.3206580943778,"SNUC5","SNUC",NA,NA,NA,NA,"Jurmeister"
9.14357016244248,20.8074015414777,"SNUC6","SNUC",NA,NA,NA,NA,"Jurmeister"
21.5599921552103,1.06316777401784,"ONB66","ONB",NA,NA,NA,NA,"Jurmeister"
-14.0578834535065,-7.88431822284949,"ACC7","ACC",NA,NA,NA,NA,"Jurmeister"
-14.0397040865774,-7.87263651437359,"ACC8","ACC",NA,NA,NA,NA,"Jurmeister"
-4.39766567413329,9.16182154323277,"ACC9","ACC",NA,NA,NA,NA,"Jurmeister"
10.8176756568813,3.39304844194105,"NEC4","NEC",NA,NA,NA,NA,"Jurmeister"
-6.45598690125209,2.78518414867898,"ACC10","ACC",NA,NA,NA,NA,"Jurmeister"
-4.44002758475497,-2.25030034955026,"ADC2","ADC",NA,NA,NA,NA,"Jurmeister"
-23.1740031126025,-3.0832733705214,"ADC3","ADC",NA,NA,NA,NA,"Jurmeister"
28.5896692192885,8.33430561186409,"ONB67","ONB",NA,NA,NA,NA,"Jurmeister"
-19.5686855121731,-0.67699495231342,"ADC4","ADC",NA,NA,NA,NA,"Jurmeister"
-21.4341749785259,2.91837335158441,"ADC5","ADC",NA,NA,NA,NA,"Jurmeister"
-8.70797972720564,-20.488379764566,"ADC6","ADC",NA,NA,NA,NA,"Jurmeister"
-24.0666336985532,-3.63611509504267,"ADC7","ADC",NA,NA,NA,NA,"Jurmeister"
-20.7296099451696,-0.606755898441958,"ADC8","ADC",NA,NA,NA,NA,"Jurmeister"
-11.0975208908909,0.785017357419864,"SCC5","SCC",NA,NA,NA,NA,"Jurmeister"
-19.0976236920341,0.901798234220904,"ADC9","ADC",NA,NA,NA,NA,"Jurmeister"
-21.2559174477193,-0.848771895464626,"ADC11","ADC",NA,NA,NA,NA,"Jurmeister"
-23.5269138938153,-0.764825140712413,"ADC12","ADC",NA,NA,NA,NA,"Jurmeister"
9.57090952333454,16.8292916645803,"ADC13","ADC",NA,NA,NA,NA,"Jurmeister"
16.3206731324519,-13.1943052104887,"ALV_RMS4","ALV RMS",NA,NA,NA,NA,"Jurmeister"
17.4309727838086,-13.4043794071665,"ALV_RMS5","ALV RMS",NA,NA,NA,NA,"Jurmeister"
18.1746942328805,-12.8050611321264,"ALV_RMS6","ALV RMS",NA,NA,NA,NA,"Jurmeister"
17.7916838340735,-12.819839020928,"ALV_RMS7","ALV RMS",NA,NA,NA,NA,"Jurmeister"
16.8723988341583,-13.1768326850353,"ALV_RMS8","ALV RMS",NA,NA,NA,NA,"Jurmeister"
1.69468193038603,-6.78181032906382,"ATRT1","ATRT",NA,NA,NA,NA,"Jurmeister"
0.288858024892922,-10.1983468476609,"ATRT2","ATRT",NA,NA,NA,NA,"Jurmeister"
1.0102761192801,-10.2334952927726,"ATRT3","ATRT",NA,NA,NA,NA,"Jurmeister"
0.346704243649974,-10.0129703244214,"ATRT4","ATRT",NA,NA,NA,NA,"Jurmeister"
1.51283653577293,-10.0282406896471,"ATRT6","ATRT",NA,NA,NA,NA,"Jurmeister"
0.36886872689926,-9.46636282607992,"ATRT8","ATRT",NA,NA,NA,NA,"Jurmeister"
-1.38391543700962,-9.62195558555931,"ATRT9","ATRT",NA,NA,NA,NA,"Jurmeister"
9.50311246192104,-3.2124829931082,"EWS11","EWS",NA,NA,NA,NA,"Jurmeister"
9.17046215914234,-5.05082941918285,"EWS12","EWS",NA,NA,NA,NA,"Jurmeister"
-5.41344193963481,19.9597701974809,"CPH21","CPH",NA,NA,NA,NA,"Jurmeister"
0.3780484730657,7.29603625917998,"SNUC7","SNUC",NA,NA,NA,NA,"Jurmeister"
9.49106550553469,6.08088300475909,"MCC1","MCC",NA,NA,NA,NA,"Jurmeister"
14.2492468608511,-11.8164982730211,"EMB_RMS3","EMB RMS",NA,NA,NA,NA,"Jurmeister"
-10.1136050358769,-0.261823825242152,"SCC6","SCC",NA,NA,NA,NA,"Jurmeister"
-1.71743039023687,4.13006587422062,"ADC14","ADC",NA,NA,NA,NA,"Jurmeister"
-1.18845417529728,3.57917347013435,"EWS13","EWS",NA,NA,NA,NA,"Jurmeister"
-10.3305543279265,-9.89517446931315,"LECA1","LECA",NA,NA,NA,NA,"Jurmeister"
-9.42245501225416,-8.41687877306488,"LECA2","LECA",NA,NA,NA,NA,"Jurmeister"
-10.0421321802683,-6.04633919494927,"LECA3","LECA",NA,NA,NA,NA,"Jurmeister"
-10.5980727913154,-8.43457632752367,"LECA4","LECA",NA,NA,NA,NA,"Jurmeister"
-6.76953024884089,-6.7603253873237,"LECA5","LECA",NA,NA,NA,NA,"Jurmeister"
-7.1114328889848,-4.90522812443973,"LECA6","LECA",NA,NA,NA,NA,"Jurmeister"
-7.98900869175644,-5.45346967850275,"LECA7","LECA",NA,NA,NA,NA,"Jurmeister"
-10.4209902729459,-9.4438514612357,"LECA8","LECA",NA,NA,NA,NA,"Jurmeister"
-10.0727619504637,-9.58969568460861,"LECA9","LECA",NA,NA,NA,NA,"Jurmeister"
-10.5123042227161,-10.1375822943507,"LECA10","LECA",NA,NA,NA,NA,"Jurmeister"
-7.57454153135217,-8.65611807990614,"LECA11","LECA",NA,NA,NA,NA,"Jurmeister"
-9.23846087428322,-8.08029186125463,"LECA12","LECA",NA,NA,NA,NA,"Jurmeister"
-6.57403945995425,-6.15377457880106,"LECA13","LECA",NA,NA,NA,NA,"Jurmeister"
-6.85630684983181,-6.12514946317507,"LECA14","LECA",NA,NA,NA,NA,"Jurmeister"
7.42348764741399,5.53742657051028,"MCC2","MCC",NA,NA,NA,NA,"Jurmeister"
7.40101261443032,5.52943964794036,"MCC3","MCC",NA,NA,NA,NA,"Jurmeister"
9.96833892548525,5.0292031734493,"MCC4","MCC",NA,NA,NA,NA,"Jurmeister"
9.42181247717463,6.45104685331143,"MCC5","MCC",NA,NA,NA,NA,"Jurmeister"
9.66305179122454,6.28672931172048,"MCC6","MCC",NA,NA,NA,NA,"Jurmeister"
9.14226334405945,5.93128386735798,"MCC7","MCC",NA,NA,NA,NA,"Jurmeister"
9.89487685351037,6.57475840376588,"MCC8","MCC",NA,NA,NA,NA,"Jurmeister"
9.99227054946359,5.07237749219141,"MCC9","MCC",NA,NA,NA,NA,"Jurmeister"
7.50738766868462,4.7095968975563,"MCC10","MCC",NA,NA,NA,NA,"Jurmeister"
3.96294463527676,-17.0541893194833,"MELA1","MELA",NA,NA,NA,NA,"Jurmeister"
4.57793245266679,-19.0334763270816,"MELA2","MELA",NA,NA,NA,NA,"Jurmeister"
5.50121719412189,-17.2998190572671,"MELA3","MELA",NA,NA,NA,NA,"Jurmeister"
6.6141569984744,-17.6816050284446,"MELA4","MELA",NA,NA,NA,NA,"Jurmeister"
5.22513580339972,-15.2520206195208,"MELA5","MELA",NA,NA,NA,NA,"Jurmeister"
4.39663347616799,-18.6148901350292,"MELA6","MELA",NA,NA,NA,NA,"Jurmeister"
5.320325236669,-19.5947347815095,"MELA7","MELA",NA,NA,NA,NA,"Jurmeister"
2.80655334886765,-17.5368249579282,"MELA8","MELA",NA,NA,NA,NA,"Jurmeister"
5.02642558921259,-18.2319995539129,"MELA9","MELA",NA,NA,NA,NA,"Jurmeister"
-0.880529987404317,5.05667252154275,"MELA10","MELA",NA,NA,NA,NA,"Jurmeister"
2.3744615316739,-15.3275724476322,"MELA11","MELA",NA,NA,NA,NA,"Jurmeister"
3.61129807502831,-18.166933109004,"MELA12","MELA",NA,NA,NA,NA,"Jurmeister"
3.29702091383321,-16.5342139586225,"MELA14","MELA",NA,NA,NA,NA,"Jurmeister"
3.61200661888745,-17.408198860751,"MELA15","MELA",NA,NA,NA,NA,"Jurmeister"
6.8109468391077,-18.0498302595498,"MELA16","MELA",NA,NA,NA,NA,"Jurmeister"
3.39281167703232,-17.1645069571259,"MELA17","MELA",NA,NA,NA,NA,"Jurmeister"
4.68422136481058,-17.7650097731398,"MELA19","MELA",NA,NA,NA,NA,"Jurmeister"
6.29393570236122,-17.6154072740222,"MELA20","MELA",NA,NA,NA,NA,"Jurmeister"
2.65255502692285,-15.2947743340572,"MELA21","MELA",NA,NA,NA,NA,"Jurmeister"
-9.98374261210518,-24.4993749692404,"SNUC11","SNUC",NA,NA,NA,NA,"Jurmeister"
9.30699623725026,17.4324253025068,"SNUC12","SNUC",NA,NA,NA,NA,"Jurmeister"
-9.36320022270479,-22.5283525044596,"NEC8","NEC",NA,NA,NA,NA,"Jurmeister"
17.4214429992385,1.9846035588089,"NEC9","NEC",NA,NA,NA,NA,"Jurmeister"
-9.90093430666118,-21.8287484391889,"NEC10","NEC",NA,NA,NA,NA,"Jurmeister"
-14.5593129663528,-22.4847930114425,"NEC11","NEC",NA,NA,NA,NA,"Jurmeister"
9.21475285857318,20.0647458990726,"SCNEC2","SCNEC",NA,NA,NA,NA,"Jurmeister"
11.0540621161656,3.27385588755004,"SCNEC4","SCNEC",NA,NA,NA,NA,"Jurmeister"
-9.29394878435395,10.4675242774481,"ADC15","ADC",NA,NA,NA,NA,"Jurmeister"
-15.0362822761847,11.1974362744147,"ACC11","ACC",NA,NA,NA,NA,"Jurmeister"
-7.4409183872813,-19.1976576570541,"NEC13","NEC",NA,NA,NA,NA,"Jurmeister"
8.10250048716473,18.7981607978409,"SCC7","SCC",NA,NA,NA,NA,"Jurmeister"
-7.89131864749303,11.5268834874573,"ACC13","ACC",NA,NA,NA,NA,"Jurmeister"
4.5015624822942,2.40078350442115,"NEC14","NEC",NA,NA,NA,NA,"Jurmeister"
17.2099291820952,3.78683616418831,"NEC15","NEC",NA,NA,NA,NA,"Jurmeister"
-17.3344509241227,-2.61598025842712,"NEC17","NEC",NA,NA,NA,NA,"Jurmeister"
-10.1226980988268,-5.76814788226826,"LECA15","LECA",NA,NA,NA,NA,"Jurmeister"
-9.87035832029566,-6.5606690166192,"LECA16","LECA",NA,NA,NA,NA,"Jurmeister"
-1.00080507954297,3.31044834993276,"SNUC13","SNUC",NA,NA,NA,NA,"Jurmeister"
-0.957497230271554,-1.71462185582929,"NEC18","NEC",NA,NA,NA,NA,"Jurmeister"
-6.08788237609834,5.53789392625099,"NUT2","NUT",NA,NA,NA,NA,"Jurmeister"
-6.60568784548969,5.97761521660127,"NUT3","NUT",NA,NA,NA,NA,"Jurmeister"
-4.99627631043776,5.04512570265168,"NUT4","NUT",NA,NA,NA,NA,"Jurmeister"
-12.223518788037,11.3742314414734,"ACC14","ACC",NA,NA,NA,NA,"Jurmeister"
-11.3599371687637,3.15136913710176,"SCC8","SCC",NA,NA,NA,NA,"Jurmeister"
17.1868767315652,3.79133561114627,"ONB69","ONB",NA,NA,NA,NA,"Jurmeister"
24.1410923064382,6.60414627283005,"ONB72","ONB",NA,NA,NA,NA,"Jurmeister"
22.9333661555261,3.29131130740572,"ONB73","ONB",NA,NA,NA,NA,"Jurmeister"
24.2407648058377,8.57905179770725,"ONB75","ONB",NA,NA,NA,NA,"Jurmeister"
27.6145989388222,9.04353072730689,"ONB76","ONB",NA,NA,NA,NA,"Jurmeister"
-6.5087181877896,-0.68059553935476,"SCC9","SCC",NA,NA,NA,NA,"Jurmeister"
2.3732304646404,9.4108384169431,"GPC1","GPC",NA,NA,NA,NA,"Jurmeister"
0.125327047314009,9.33842036318346,"Others4","Others",NA,NA,NA,NA,"Jurmeister"
-17.3634626913911,-2.44125193252108,"Others","Others",NA,NA,NA,NA,"Jurmeister"
-9.22121965126042,-1.10905285727105,"SCC10","SCC",NA,NA,NA,NA,"Jurmeister"
-7.95297541656969,2.19905102534741,"SCC11","SCC",NA,NA,NA,NA,"Jurmeister"
-2.47987069351559,4.48017722492026,"SCC12","SCC",NA,NA,NA,NA,"Jurmeister"
9.35459525130864,21.1522876347667,"SCC13","SCC",NA,NA,NA,NA,"Jurmeister"
-11.4221596998219,1.24201465026895,"SCC14","SCC",NA,NA,NA,NA,"Jurmeister"
-11.8095777199336,-0.451614653024663,"SCC15","SCC",NA,NA,NA,NA,"Jurmeister"
-2.964193031965,8.59402276759923,"SCC16","SCC",NA,NA,NA,NA,"Jurmeister"
-8.96690675741607,-0.589241601354643,"SCC17","SCC",NA,NA,NA,NA,"Jurmeister"
-9.36461494677116,0.0482260394295913,"SCC18","SCC",NA,NA,NA,NA,"Jurmeister"
-11.0235529129233,-3.23225997818824,"SCC19","SCC",NA,NA,NA,NA,"Jurmeister"
10.7650042520579,17.5315524901658,"SNUC14","SNUC",NA,NA,NA,NA,"Jurmeister"
-2.65278235596343,5.10446772819179,"SCC20","SCC",NA,NA,NA,NA,"Jurmeister"
-11.7607338545283,11.3107625368871,"ACC16","ACC",NA,NA,NA,NA,"Jurmeister"
-12.9017570225178,-24.0398653183291,"SNUC15","SNUC",NA,NA,NA,NA,"Jurmeister"
-12.0887157575282,0.299626093200519,"SCC21","SCC",NA,NA,NA,NA,"Jurmeister"
-8.6224144340302,1.85480393486407,"SCC22","SCC",NA,NA,NA,NA,"Jurmeister"
-11.6228651691757,3.0939101603577,"SCC23","SCC",NA,NA,NA,NA,"Jurmeister"
-8.36170004238092,0.774208396503753,"SCC24","SCC",NA,NA,NA,NA,"Jurmeister"
-10.4564868172309,-0.0576629811808341,"SCC25","SCC",NA,NA,NA,NA,"Jurmeister"
-11.0364235144856,0.601483496604271,"SCC27","SCC",NA,NA,NA,NA,"Jurmeister"
-6.51336475654447,0.66860530605367,"SCC28","SCC",NA,NA,NA,NA,"Jurmeister"
-10.92098571667,-2.10268244398592,"SCC29","SCC",NA,NA,NA,NA,"Jurmeister"
-7.78040957285026,-0.885175610916082,"SCC31","SCC",NA,NA,NA,NA,"Jurmeister"
20.6038647052785,2.74936281117856,"ONB77","ONB",NA,NA,NA,NA,"Jurmeister"
-2.79963141375753,3.70273354191989,"SCC32","SCC",NA,NA,NA,NA,"Jurmeister"
-7.16195239732986,0.684597177922126,"SCC33","SCC",NA,NA,NA,NA,"Jurmeister"
-7.76672162304678,-1.42078967006047,"SCC34","SCC",NA,NA,NA,NA,"Jurmeister"
-9.15759752777553,13.4413549629655,"ADC16","ADC",NA,NA,NA,NA,"Jurmeister"
-6.00653509447418,2.95199368494375,"SCC35","SCC",NA,NA,NA,NA,"Jurmeister"
-9.41978963547506,2.08586204205152,"SCC36","SCC",NA,NA,NA,NA,"Jurmeister"
-10.7874646824093,-25.3607038561124,"SNUC16","SNUC",NA,NA,NA,NA,"Jurmeister"
-11.1040944378284,13.6315277122683,"ACC17","ACC",NA,NA,NA,NA,"Jurmeister"
-2.91266546898534,-1.31595805527448,"SNUC17","SNUC",NA,NA,NA,NA,"Jurmeister"
-18.5929281457029,-4.60725199054763,"SNUC18","SNUC",NA,NA,NA,NA,"Jurmeister"
-7.00598299820627,-13.4359830935157,"SNUC19","SNUC",NA,NA,NA,NA,"Jurmeister"
-14.4146265329003,-23.6656534108184,"SNUC20","SNUC",NA,NA,NA,NA,"Jurmeister"
10.1917351527489,20.956931659125,"SNUC21","SNUC",NA,NA,NA,NA,"Jurmeister"
-12.6359425036877,-24.6803929062325,"SNUC23","SNUC",NA,NA,NA,NA,"Jurmeister"
-4.04906986211969,-10.7980608906389,"SNUC24","SNUC",NA,NA,NA,NA,"Jurmeister"
-10.7479171653838,-21.7314985881724,"SNUC26","SNUC",NA,NA,NA,NA,"Jurmeister"
-11.5633326034973,-25.131515272923,"SNUC27","SNUC",NA,NA,NA,NA,"Jurmeister"
-8.93314371657022,-20.7978383502328,"SNUC28","SNUC",NA,NA,NA,NA,"Jurmeister"
-12.6506443541681,-22.7655569223162,"SNUC29","SNUC",NA,NA,NA,NA,"Jurmeister"
-13.3298138091766,-24.7568756540366,"SNUC30","SNUC",NA,NA,NA,NA,"Jurmeister"
-10.9314726150707,-22.5108663520687,"SNUC31","SNUC",NA,NA,NA,NA,"Jurmeister"
-7.92316869151507,5.34024761787832,"SNUC32","SNUC",NA,NA,NA,NA,"Jurmeister"
-3.89534999833123,-1.63029265305995,"SNUC34","SNUC",NA,NA,NA,NA,"Jurmeister"
-11.9687824396626,-23.3438746398344,"SNUC35","SNUC",NA,NA,NA,NA,"Jurmeister"
-10.4956604789098,-1.48612567176329,"SCC38","SCC",NA,NA,NA,NA,"Jurmeister"
-14.8311471382064,-1.82253141594758,"SNUC36","SNUC",NA,NA,NA,NA,"Jurmeister"
-12.0154422837028,11.5805624149889,"SNUC37","SNUC",NA,NA,NA,NA,"Jurmeister"
-21.9438895068711,-2.0967301878587,"ADC18","ADC",NA,NA,NA,NA,"Jurmeister"
22.576397065704,8.40001508794813,"ONB79","ONB",NA,NA,NA,NA,"Jurmeister"
-18.5230031286136,-4.7875702444892,"SNUC39","SNUC",NA,NA,NA,NA,"Jurmeister"
-11.4631613884266,13.9211772197501,"PDCA1","PDCA",NA,NA,NA,NA,"Jurmeister"
-15.2324836433466,11.3311641940598,"SNUC40","SNUC",NA,NA,NA,NA,"Jurmeister"
8.31497316705491,22.0838777000396,"SNUC41","SNUC",NA,NA,NA,NA,"Jurmeister"
-1.9730857612338,6.8343659648673,"SNUC42","SNUC",NA,NA,NA,NA,"Jurmeister"
9.0077036327368,21.5862661679248,"SNUC44","SNUC",NA,NA,NA,NA,"Jurmeister"
-12.6155895719277,-22.7260544285023,"SNUC45","SNUC",NA,NA,NA,NA,"Jurmeister"
-11.1966688226805,13.425301747248,"SNUC46","SNUC",NA,NA,NA,NA,"Jurmeister"
4.43258419057089,2.33976002112491,"SNUC47","SNUC",NA,NA,NA,NA,"Jurmeister"
-10.8915259123801,13.3035326844866,"SNUC48","SNUC",NA,NA,NA,NA,"Jurmeister"
-9.90352941206399,12.4413808542498,"PDCA2","PDCA",NA,NA,NA,NA,"Jurmeister"
-10.9436186436004,14.0190409680612,"SNUC49","SNUC",NA,NA,NA,NA,"Jurmeister"
-14.4828417154939,-1.637940334177,"SNUC50","SNUC",NA,NA,NA,NA,"Jurmeister"
-7.24125936836471,-7.19975879488228,"SNUC51","SNUC",NA,NA,NA,NA,"Jurmeister"
-9.04027488501285,-10.6795891705746,"SNUC52","SNUC",NA,NA,NA,NA,"Jurmeister"
-11.6667528787991,-19.6139505530992,"SNUC53","SNUC",NA,NA,NA,NA,"Jurmeister"
11.6919701857062,19.6851681293282,"PDCA3","PDCA",NA,NA,NA,NA,"Jurmeister"
-12.8257401278783,-23.4488721265907,"ONB80","ONB",NA,NA,NA,NA,"Jurmeister"
-9.92626243916519,-24.4097337959306,"SNUC55","SNUC",NA,NA,NA,NA,"Jurmeister"
-0.410000067623376,5.8358889219496,"NEC20","NEC",NA,NA,NA,NA,"Jurmeister"
9.55113902897814,23.0926436335207,"ONB81","ONB",NA,NA,NA,NA,"Jurmeister"
-10.2838288769286,-21.0184774955204,"SNUC56","SNUC",NA,NA,NA,NA,"Jurmeister"
-10.1445440484251,-24.2485431726008,"SNUC57","SNUC",NA,NA,NA,NA,"Jurmeister"
11.3175767904945,19.0502094522866,"PDCA4","PDCA",NA,NA,NA,NA,"Jurmeister"
-13.7702674163322,-22.1352438227533,"SNUC58","SNUC",NA,NA,NA,NA,"Jurmeister"
-14.599534169751,-20.8532579080495,"SNUC59","SNUC",NA,NA,NA,NA,"Jurmeister"
-13.8264095405584,-20.9534609303444,"SNUC60","SNUC",NA,NA,NA,NA,"Jurmeister"
-12.6656873316939,-18.0562685572851,"SNUC61","SNUC",NA,NA,NA,NA,"Jurmeister"
-9.86806152634788,-23.3139517754191,"SNUC62","SNUC",NA,NA,NA,NA,"Jurmeister"
-13.9506604887526,-23.701730161968,"SNUC63","SNUC",NA,NA,NA,NA,"Jurmeister"
-11.8198197504302,-20.3640623114058,"SNUC64","SNUC",NA,NA,NA,NA,"Jurmeister"
-1.13598653769312,-11.0382080104678,"SNUC66","SNUC",NA,NA,NA,NA,"Jurmeister"
-3.56575326462017,-12.5410503571954,"SNUC67","SNUC",NA,NA,NA,NA,"Jurmeister"
11.2511293146025,20.1519548947254,"PDCA5","PDCA",NA,NA,NA,NA,"Jurmeister"
-2.45536806794091,-9.78528304499835,"SNUC68","SNUC",NA,NA,NA,NA,"Jurmeister"
-2.42912255630426,-12.498569923295,"SNUC69","SNUC",NA,NA,NA,NA,"Jurmeister"
-1.94601099601802,-9.53378214502743,"SNUC70","SNUC",NA,NA,NA,NA,"Jurmeister"
-3.16423854267386,-12.1700525547541,"SNUC71","SNUC",NA,NA,NA,NA,"Jurmeister"
-2.67903498223814,-10.3155418054185,"SNUC72","SNUC",NA,NA,NA,NA,"Jurmeister"
-2.71045992508743,-8.12517843328998,"SNUC73","SNUC",NA,NA,NA,NA,"Jurmeister"
-5.6634694855284,-12.2986591192264,"SNUC74","SNUC",NA,NA,NA,NA,"Jurmeister"
-7.17009301749916,-9.79073264470411,"SNUC75","SNUC",NA,NA,NA,NA,"Jurmeister"
-5.87837321767093,-12.1960628101827,"SNUC76","SNUC",NA,NA,NA,NA,"Jurmeister"
-4.23225225552113,-11.1211207081836,"SNUC77","SNUC",NA,NA,NA,NA,"Jurmeister"
-9.21400129909451,10.5280040016679,"PDCA6","PDCA",NA,NA,NA,NA,"Jurmeister"
7.99865164578379,20.3546042493178,"SNUC78","SNUC",NA,NA,NA,NA,"Jurmeister"
1.28734716427084,6.37810928898881,"SNUC79","SNUC",NA,NA,NA,NA,"Jurmeister"
-8.7209534275608,-20.5451917520357,"SNUC80","SNUC",NA,NA,NA,NA,"Jurmeister"
-5.76036378890715,-12.5509435996276,"SNUC81","SNUC",NA,NA,NA,NA,"Jurmeister"
0.473904167204404,5.17312120972255,"SNUC82","SNUC",NA,NA,NA,NA,"Jurmeister"
-2.64467977100837,-8.20949298421233,"SNUC83","SNUC",NA,NA,NA,NA,"Jurmeister"
-10.2477582307134,13.4890535150402,"SNUC84","SNUC",NA,NA,NA,NA,"Jurmeister"
0.205821564860784,-9.05248959191179,"SNUC85","SNUC",NA,NA,NA,NA,"Jurmeister"
8.09556445588231,17.5227909483305,"SNUC86","SNUC",NA,NA,NA,NA,"Jurmeister"
10.9158286317804,19.6344206956488,"SNUC87","SNUC",NA,NA,NA,NA,"Jurmeister"
-5.93786237225908,1.71204829534886,"SCC39","SCC",NA,NA,NA,NA,"Jurmeister"
-5.00864011380473,4.94638911491504,"NUT5","NUT",NA,NA,NA,NA,"Jurmeister"
-7.79975105168814,11.4857672798986,"NUT6","NUT",NA,NA,NA,NA,"Jurmeister"
-6.59080882432754,5.92303796291517,"NUT7","NUT",NA,NA,NA,NA,"Jurmeister"
8.53876590671748,18.8803062259091,"NEC21","NEC",NA,NA,NA,NA,"Jurmeister"
-0.190619436601284,6.48424375446066,"CTRL1","CTRL",NA,NA,NA,NA,"Jurmeister"
-1.40278649889761,6.59835312104306,"CTRL2","CTRL",NA,NA,NA,NA,"Jurmeister"
-8.37879340336652,-1.88864043905714,"SCC40","SCC",NA,NA,NA,NA,"Jurmeister"
-1.4529878182139,5.42510235850764,"CTRL3","CTRL",NA,NA,NA,NA,"Jurmeister"
-1.29455423022731,7.83171622107086,"CTRL4","CTRL",NA,NA,NA,NA,"Jurmeister"
-1.25935200921275,8.46632621248781,"CTRL5","CTRL",NA,NA,NA,NA,"Jurmeister"
-1.71252907885777,8.16170993487815,"CTRL6","CTRL",NA,NA,NA,NA,"Jurmeister"
-2.46481536217394,8.87163107391154,"CTRL7","CTRL",NA,NA,NA,NA,"Jurmeister"
-2.19539768831464,8.67120061319337,"CTRL8","CTRL",NA,NA,NA,NA,"Jurmeister"
-9.63909459800261,-8.54291166704953,"LECA17","LECA",NA,NA,NA,NA,"Jurmeister"
-7.86783775687328,-7.96220336362419,"LECA18","LECA",NA,NA,NA,NA,"Jurmeister"
-6.28816602682139,-6.39508454012768,"LECA19","LECA",NA,NA,NA,NA,"Jurmeister"
-25.3490054965202,-1.26354702391834,"ADC19","ADC",NA,NA,NA,NA,"Jurmeister"
9.67411851242393,18.7519839287044,"ADC20","ADC",NA,NA,NA,NA,"Jurmeister"
-22.7088235811894,-1.07286299267133,"ADC21","ADC",NA,NA,NA,NA,"Jurmeister"
-21.3351957152085,0.52953554059897,"ADC22","ADC",NA,NA,NA,NA,"Jurmeister"
-21.1902844774044,1.89452706177943,"ADC23","ADC",NA,NA,NA,NA,"Jurmeister"
-23.5785702347479,0.0508815564542026,"ADC24","ADC",NA,NA,NA,NA,"Jurmeister"
-18.4624144728755,1.30559588417623,"ADC25","ADC",NA,NA,NA,NA,"Jurmeister"
-22.3309606041917,0.860781803678967,"ADC26","ADC",NA,NA,NA,NA,"Jurmeister"
-22.5799048641792,-2.80113172212604,"ADC27","ADC",NA,NA,NA,NA,"Jurmeister"
-20.9012467900215,3.84464925789069,"ADC28","ADC",NA,NA,NA,NA,"Jurmeister"
-20.8118285168719,-0.393416681309454,"ADC29","ADC",NA,NA,NA,NA,"Jurmeister"
-22.3800866792927,-1.71792111498586,"ADC30","ADC",NA,NA,NA,NA,"Jurmeister"
-23.8217795812698,1.44596052834436,"ADC31","ADC",NA,NA,NA,NA,"Jurmeister"
-21.620803509497,3.69481825959695,"ADC32","ADC",NA,NA,NA,NA,"Jurmeister"
-21.16759228607,1.32856055600868,"ADC33","ADC",NA,NA,NA,NA,"Jurmeister"
-18.3844706005473,1.27310087231611,"ADC34","ADC",NA,NA,NA,NA,"Jurmeister"
-24.4009692385539,-1.70191682211688,"ADC35","ADC",NA,NA,NA,NA,"Jurmeister"
-22.0414762555562,-0.0876612620121101,"ADC36","ADC",NA,NA,NA,NA,"Jurmeister"
-21.3627726572145,-0.768801528041028,"ADC38","ADC",NA,NA,NA,NA,"Jurmeister"
-20.8048856598732,0.49392413763453,"ADC40","ADC",NA,NA,NA,NA,"Jurmeister"
-22.6245788250678,-2.6460103980968,"ADC41","ADC",NA,NA,NA,NA,"Jurmeister"
-3.219101155127,-12.3567042305104,"PDCA7","PDCA",NA,NA,NA,NA,"Jurmeister"
-23.5852300123688,-1.99815959893495,"ADC42","ADC",NA,NA,NA,NA,"Jurmeister"
-21.6630841058355,2.17996029444649,"ADC43","ADC",NA,NA,NA,NA,"Jurmeister"
-22.5337684058644,0.385038423165441,"ADC44","ADC",NA,NA,NA,NA,"Jurmeister"
-12.3668356745748,-19.7997741801675,"ADC45","ADC",NA,NA,NA,NA,"Jurmeister"
-24.5829393333419,0.608303062892502,"ADC46","ADC",NA,NA,NA,NA,"Jurmeister"
9.43009149713424,22.0546420098593,"SNUC88","SNUC",NA,NA,NA,NA,"Jurmeister"
13.989309602006,-10.4192267357073,"EMB_RMS4","EMB RMS",NA,NA,NA,NA,"Jurmeister"
14.0480730136797,-10.1123972931657,"EMB_RMS5","EMB RMS",NA,NA,NA,NA,"Jurmeister"
13.6497090771957,-10.5569545495713,"EMB_RMS6","EMB RMS",NA,NA,NA,NA,"Jurmeister"
13.6584144565804,-11.2828805280388,"EMB_RMS7","EMB RMS",NA,NA,NA,NA,"Jurmeister"
14.0594265169789,-11.2583339452365,"EMB_RMS8","EMB RMS",NA,NA,NA,NA,"Jurmeister"
14.5342204475396,-11.2215861870947,"EMB_RMS9","EMB RMS",NA,NA,NA,NA,"Jurmeister"
14.7419622717526,-10.4436939723006,"EMB_RMS10","EMB RMS",NA,NA,NA,NA,"Jurmeister"
21.5382337068687,6.98852989241806,"ONB82","ONB",NA,NA,NA,NA,"Jurmeister"
-3.62613501824136,2.7147499496713,"SNUC89","SNUC",NA,NA,NA,NA,"Jurmeister"
-19.0101126101121,-4.27810873745195,"ADC47","ADC",NA,NA,NA,NA,"Jurmeister"
-2.44703777282717,9.14198353056751,"SNUC90","SNUC",NA,NA,NA,NA,"Jurmeister"
-11.503372225788,-18.9209153161933,"SNUC91","SNUC",NA,NA,NA,NA,"Jurmeister"
-10.9899502942403,10.8557036863309,"ACC18","ACC",NA,NA,NA,NA,"Jurmeister"
2.54654472814317,9.84322606357537,"GPC2","GPC",NA,NA,NA,NA,"Jurmeister"
2.73508738089088,9.28983082143796,"GPC3","GPC",NA,NA,NA,NA,"Jurmeister"
2.36325742918885,8.81450124919462,"GPC4","GPC",NA,NA,NA,NA,"Jurmeister"
1.85189791249642,9.60647169828943,"GPC5","GPC",NA,NA,NA,NA,"Jurmeister"
2.75741425836001,9.63188264887352,"GPC6","GPC",NA,NA,NA,NA,"Jurmeister"
2.47708446249374,10.1297772587991,"GPC7","GPC",NA,NA,NA,NA,"Jurmeister"
