"sample_id","file_name","idat_prefix","array_version","num_dtna","frac_dtna","num_dt","frac_dt","num_dt_mk","frac_dt_mk","num_dt_cg","frac_dt_cg","num_dt_ch","frac_dt_ch","num_dt_rs","frac_dt_rs","mean_intensity","mean_intensity_MU","mean_ii","mean_inb_grn","mean_inb_red","mean_oob_grn","mean_oob_red","na_intensity_M","na_intensity_U","na_intensity_ig","na_intensity_ir","na_intensity_ii","num_probes","num_probes_II","num_probes_IR","num_probes_IG","num_probes_cg","num_probes_ch","num_probes_rs","InfI_switch_R2R","InfI_switch_G2G","InfI_switch_R2G","InfI_switch_G2R","medR","medG","topR","topG","RGratio","RGdistort","mean_beta","median_beta","frac_unmeth","frac_meth","num_na","frac_na","mean_beta_cg","median_beta_cg","frac_unmeth_cg","frac_meth_cg","num_na_cg","frac_na_cg","mean_beta_ch","median_beta_ch","frac_unmeth_ch","frac_meth_ch","num_na_ch","frac_na_ch","mean_beta_rs","median_beta_rs","frac_unmeth_rs","frac_meth_rs","num_na_rs","frac_na_rs","bis_conv_score","qc_flag","qc_reason"
"SPL-DU-00001","209916850146_R01C01","~/Desktop/Research Project/My Project/Dara_Validation/data/SinonasalMethyArray_Batch01_2026/209916850146/209916850146_R01C01","EPICv2",2,2.13290106538408e-06,888156,0.947176459547312,888156,0.947176459547312,884611,0.947880100980228,2731,0.937199725463281,64,0.984615384615385,3303.70098102994,6607.40196205987,3232.18672078953,3263.54867024187,4026.58561917443,444.963515312916,707.506293094013,2,2,0,0,4,937690,809395,82610,45685,933252,2914,65,82537,45212,73,473,7879,6435,37914,21527.5,1.22439782439782,1.43841253352497,0.57674846598634,0.729206406397862,0.33001184476601,0.513924355631218,49534,0.0528255606863676,0.578586969088473,0.733000193274027,0.3275756236357,0.51580525225212,48641,0.0521198990197717,0.0743141373659597,0.064111081503065,0.998901501281582,0,183,0.0628002745367193,0.5239047793386,0.480983014960926,0.359375,0.390625,1,0.0153846153846154,1.535113052187,"FLAGGED","elevated GCT"
"SPL-DU-00003","209916850146_R02C01","~/Desktop/Research Project/My Project/Dara_Validation/data/SinonasalMethyArray_Batch01_2026/209916850146/209916850146_R02C01","EPICv2",2,2.13290106538408e-06,846413,0.90265952001092,846413,0.90265952001092,843459,0.903784829820884,2210,0.75840768702814,60,0.923076923076923,3376.69025144824,6753.38050289649,3245.61116663969,3722.96127831892,4469.47686115482,448.737925190655,829.249852249097,2,2,0,0,4,937690,809395,82610,45685,933252,2914,65,82531,45200,79,485,8789,7380,38493,24332.5,1.19092140921409,1.32834817982375,0.596244433373203,0.724402865900337,0.253916232383009,0.521205369010164,91277,0.0973424052725314,0.597841382308585,0.726185543098962,0.251562909400457,0.522848176378461,89793,0.0962151701791156,0.0930017016869597,0.0837522450468984,0.996380090497738,0,704,0.24159231297186,0.523971283205181,0.534493850933502,0.316666666666667,0.383333333333333,5,0.0769230769230769,1.32340282753253,"PASS","pass"
"SPL-DU-00006","210107670102_R01C01","~/Desktop/Research Project/My Project/Dara_Validation/data/SinonasalMethyArray_Batch01_2026/210107670102/210107670102_R01C01","EPICv2",2,2.13290106538408e-06,898633,0.958349685609712,898633,0.958349685609712,895036,0.959050717276791,2781,0.954358270418668,65,1,2350.23794801682,4700.47589603365,2321.30433423566,2330.90016416767,2644.41675341968,284.557202517855,431.880606325928,2,2,0,0,4,937690,809395,82610,45685,933252,2914,65,82529,45388,81,297,5055,4554,27687,15416,1.11001317523057,1.61799086540016,0.55442878541245,0.590519274870126,0.255501411588491,0.412701291851067,39057,0.041652358455353,0.556122394597856,0.59278397035385,0.252759665533006,0.414184457384954,38216,0.0409492827232087,0.0931739115879875,0.0835169995800026,0.998202085580726,0,133,0.0456417295813315,0.491285752410639,0.487177283988132,0.353846153846154,0.338461538461538,0,0,1.5155270202072,"FLAGGED","elevated GCT"
"SPL-DU-00007","209916850146_R04C01","~/Desktop/Research Project/My Project/Dara_Validation/data/SinonasalMethyArray_Batch01_2026/209916850146/209916850146_R04C01","EPICv2",2,2.13290106538408e-06,880377,0.938880523159089,880377,0.938880523159089,876766,0.9394740113067,2745,0.942004118050789,65,1,3302.25313697093,6604.50627394187,3243.12550083828,3133.94907518879,3974.64710688779,427.747367146835,645.42621210463,2,2,0,0,4,937690,809395,82610,45685,933252,2914,65,82545,45237,65,448,7690,6131,37279.5,20545.5,1.25428152014353,1.44663290861391,0.469141906698781,0.415399482305094,0.426374155617423,0.342072771096928,57313,0.061121479380179,0.470590840523743,0.418746686221877,0.424260292940192,0.343302545947265,56486,0.0605259886933004,0.0747087727464881,0.0638451169305477,0.998178506375228,0,169,0.0579958819492107,0.527885540557129,0.514015483167544,0.292307692307692,0.353846153846154,0,0,1.56007480493222,"FLAGGED","elevated GCT"
"SPL-DU-00009","209916850146_R05C01","~/Desktop/Research Project/My Project/Dara_Validation/data/SinonasalMethyArray_Batch01_2026/209916850146/209916850146_R05C01","EPICv2",2,2.13290106538408e-06,879102,0.937520795829743,879102,0.937520795829743,875867,0.938510713076425,2442,0.838023335621139,65,1,2924.11294001843,5848.22588003686,2803.24934982141,2883.07743241764,4130.99892264859,345.26057983295,761.76331399803,2,2,0,0,4,937690,809395,82610,45685,933252,2914,65,82547,44783,63,902,8007,5660,39558,19149,1.41466431095406,1.46027560366897,0.649228971631107,0.792473611737559,0.197769997110688,0.596176552891473,58588,0.0624812038093613,0.6511505815094,0.793730395900794,0.195058153806457,0.598207262061477,57385,0.0614892869235748,0.0846324595515727,0.0742990363790775,0.996314496314496,0,472,0.161976664378861,0.500169884245478,0.459856012594095,0.323076923076923,0.307692307692308,0,0,1.21896060315132,"PASS","pass"
"SPL-DU-00010","209916850146_R06C01","~/Desktop/Research Project/My Project/Dara_Validation/data/SinonasalMethyArray_Batch01_2026/209916850146/209916850146_R06C01","EPICv2",2,2.13290106538408e-06,886812,0.94574314697426,886812,0.94574314697426,883261,0.946433546351896,2706,0.928620452985587,65,1,3131.46883824897,6262.93767649794,3056.15103849428,3005.4768085805,3939.09074567244,406.304442561433,701.220488125205,2,2,0,0,4,937690,809395,82610,45685,933252,2914,65,82543,45068,67,617,7666,5909,38279.5,19959.5,1.29734303604671,1.47829726641793,0.502381345100484,0.503927583477406,0.408122578404442,0.409676459046562,50878,0.0542588702023057,0.503878184614422,0.508133096675792,0.406006831502806,0.41115140371872,49991,0.0535664536481036,0.0885650571508661,0.0788459941500582,0.998152254249815,0,208,0.0713795470144132,0.526324754548438,0.525773046313239,0.230769230769231,0.276923076923077,0,0,1.49625807353261,"PASS","pass"
"SPL-DU-00011","209916850146_R07C01","~/Desktop/Research Project/My Project/Dara_Validation/data/SinonasalMethyArray_Batch01_2026/209916850146/209916850146_R07C01","EPICv2",2,2.13290106538408e-06,869293,0.927059960242639,869293,0.927059960242639,865905,0.927836211441283,2602,0.89293067947838,65,1,3008.35444252246,6016.70888504492,2911.17361220075,2877.85458027799,4032.67801113667,404.856579106646,702.574094341688,2,2,0,0,4,937690,809395,82610,45685,933252,2914,65,82550,45043,60,642,7841,5638,38168,18408.5,1.39074139765874,1.49085229902566,0.595018433732624,0.790737779234572,0.309806935061021,0.5466695348979,68397,0.0729420170845375,0.596865103175513,0.793145578635023,0.307358197492797,0.548634088035062,67347,0.0721637885587173,0.0791700869603629,0.0689979374652624,0.998847040737894,0,312,0.10706932052162,0.575262156911246,0.510704082257108,0.230769230769231,0.415384615384615,0,0,1.49642929274836,"PASS","pass"
"SPL-DU-00012","209916850146_R08C01","~/Desktop/Research Project/My Project/Dara_Validation/data/SinonasalMethyArray_Batch01_2026/209916850146/209916850146_R08C01","EPICv2",2,2.13290106538408e-06,832956,0.888308264582676,832956,0.888308264582676,829800,0.889148911548006,2419,0.830130404941661,62,0.953846153846154,2408.68201363353,4817.36402726707,2319.23401981485,2684.40305351866,3132.59273090425,360.45176128798,566.646382839006,2,2,0,0,4,937690,809395,82610,45685,933252,2914,65,82522,45326,88,359,5797,5148,37486.5,19620.5,1.12606837606838,1.69668047017586,0.645084547588098,0.817718280011245,0.223615653167754,0.602755727793545,104734,0.111693630090968,0.647110885389181,0.819065282608604,0.22090021691974,0.604887924801157,103452,0.110851088451994,0.0692075790059312,0.0602386506052432,0.999173212071104,0,495,0.169869595058339,0.450228952523398,0.493015781108223,0.32258064516129,0.209677419354839,3,0.0461538461538462,1.5673235175146,"FLAGGED","elevated GCT"
"SPL-DU-00013","209927710051_R01C01","~/Desktop/Research Project/My Project/Dara_Validation/data/SinonasalMethyArray_Batch01_2026/209927710051/209927710051_R01C01","EPICv2",2,2.13290106538408e-06,774385,0.825845057204529,774385,0.825845057204529,772012,0.827227801279826,1728,0.592999313658202,59,0.907692307692308,2096.7443030091,4193.48860601821,2037.11719152501,2136.44872496443,2658.99911632974,322.847730298995,741.622436248222,2,2,0,0,4,937690,809395,82610,45685,933252,2914,65,82526,43878,84,1807,4734,3831,40652.5,24395,1.23570869224745,1.34856018824111,0.603676414596857,0.743355756090568,0.249282979396553,0.536061519786669,163305,0.174156704241274,0.605095947735664,0.744797848097883,0.24724615679549,0.537514960907343,161240,0.172772198720174,0.0799116393108757,0.0730059329526481,0.998842592592593,0,1186,0.407000686341798,0.51716322095,0.542132858563592,0.338983050847458,0.389830508474576,6,0.0923076923076923,1.20449505128295,"PASS","pass"
"SPL-DU-00014","209927710051_R02C01","~/Desktop/Research Project/My Project/Dara_Validation/data/SinonasalMethyArray_Batch01_2026/209927710051/209927710051_R02C01","EPICv2",2,2.13290106538408e-06,691697,0.737662207471995,691697,0.737662207471995,689507,0.738821883049809,1556,0.533973919011668,57,0.876923076923077,1727.34255583947,3454.68511167894,1665.08582357396,1962.63404837474,2207.19816002905,291.279899527902,595.197876764802,2,2,0,0,4,937690,809395,82610,45685,933252,2914,65,82381,44195,229,1490,3679,3371,43793.5,26344.5,1.09136754672204,1.52317099103861,0.52979381597461,0.61690582262346,0.349206372154281,0.45153296891558,245993,0.262339365888513,0.531042038200664,0.619335527719897,0.347432295828759,0.452765526673406,243745,0.261178116950191,0.0783977277805155,0.0623708184725545,0.98586118251928,0.0006426735218509,1358,0.466026080988332,0.457051314578127,0.369027683115259,0.491228070175439,0.368421052631579,8,0.123076923076923,1.18402305821706,"FLAGGED","high NA"
"SPL-DU-00015","209927710051_R03C01","~/Desktop/Research Project/My Project/Dara_Validation/data/SinonasalMethyArray_Batch01_2026/209927710051/209927710051_R03C01","EPICv2",2,2.13290106538408e-06,849599,0.906057238655075,849599,0.906057238655075,846426,0.906964035437374,2405,0.825326012354152,65,1,2508.29201024221,5016.58402048443,2446.01908776083,2719.36972748167,3001.69694952185,372.151567606827,615.639750465142,2,2,0,0,4,937690,809395,82610,45685,933252,2914,65,82497,45143,113,542,5505,5102,41132.5,24445,1.07898863190906,1.55947420565807,0.606757679682488,0.735028686190547,0.23778394277771,0.530954014776383,88091,0.0939446938753746,0.608586863469772,0.736863732547596,0.235171178579108,0.532775458220801,86826,0.0930359645626262,0.0731908251904823,0.0648947485581757,0.999168399168399,0,509,0.174673987645848,0.488076251095681,0.502664195365859,0.307692307692308,0.261538461538462,0,0,1.34890525580816,"PASS","pass"
"SPL-DU-00016","209927710051_R04C01","~/Desktop/Research Project/My Project/Dara_Validation/data/SinonasalMethyArray_Batch01_2026/209927710051/209927710051_R04C01","EPICv2",2,2.13290106538408e-06,859173,0.916267457832456,859173,0.916267457832456,855896,0.917111348274635,2495,0.85621139327385,65,1,3010.18062617843,6020.36125235686,2946.57470968985,3201.58950421364,3527.52318726546,438.02588064399,654.417554996169,2,2,0,0,4,937690,809395,82610,45685,933252,2914,65,82515,45348,95,337,6704,6238,37365,22660.5,1.07470343058673,1.53428791091329,0.607493812300114,0.767167688267547,0.265981356490486,0.555922963128497,78517,0.083734496475381,0.609325049474783,0.768841337030785,0.263421023114958,0.55788436912896,77356,0.0828886517253646,0.088156985431756,0.078654222256764,0.997595190380761,0,419,0.14378860672615,0.490953065106161,0.518550816245429,0.323076923076923,0.261538461538462,0,0,1.41732836862217,"PASS","pass"
"SPL-DU-00020","209927710051_R05C01","~/Desktop/Research Project/My Project/Dara_Validation/data/SinonasalMethyArray_Batch01_2026/209927710051/209927710051_R05C01","EPICv2",2,2.13290106538408e-06,886151,0.945038221668615,886151,0.945038221668615,882741,0.945876354939502,2614,0.897048730267673,65,1,3248.71062762881,6497.42125525761,3181.68688881668,3291.0690817555,3881.96809103014,451.204436508897,720.359975922075,2,2,0,0,4,937690,809395,82610,45685,933252,2914,65,82532,45241,78,444,7502,6466,38891.5,22051.5,1.16022270337148,1.52011063531975,0.615670860489396,0.806747435535108,0.275942813357994,0.572411473891019,51539,0.0549637940044151,0.617392817598164,0.8086266056407,0.273579679656887,0.574440294491816,50511,0.0541236450604981,0.140729231031134,0.113290450601655,0.935348125478194,0.00344299923488906,300,0.102951269732327,0.476315401785836,0.490265384947732,0.384615384615385,0.307692307692308,0,0,1.46955201329505,"PASS","pass"
"SPL-DU-00021","209927710051_R06C01","~/Desktop/Research Project/My Project/Dara_Validation/data/SinonasalMethyArray_Batch01_2026/209927710051/209927710051_R06C01","EPICv2",2,2.13290106538408e-06,782210,0.834190050421889,782210,0.834190050421889,779305,0.835042410838659,2205,0.756691832532601,63,0.969230769230769,2841.96626383189,5683.93252766379,2759.58320865142,2992.38031082412,3565.95370415204,412.797324779082,727.793586516362,2,2,0,0,4,937690,809395,82610,45685,933252,2914,65,82446,45048,164,637,6638,5743,43698.5,24605.5,1.15584189448024,1.5365118117066,0.492851856574074,0.495106169687624,0.378951943851395,0.377067539407576,155480,0.165811728822959,0.49424416822126,0.497972333807663,0.376878115756989,0.378297329030354,153947,0.164957589161341,0.0725716276330295,0.0633933232090648,0.997278911564626,0,709,0.243308167467399,0.474142392636295,0.471826985250229,0.349206349206349,0.26984126984127,2,0.0307692307692308,1.37612518934528,"PASS","pass"
"SPL-DU-00022","209927710051_R07C01","~/Desktop/Research Project/My Project/Dara_Validation/data/SinonasalMethyArray_Batch01_2026/209927710051/209927710051_R07C01","EPICv2",2,2.13290106538408e-06,850149,0.906643787699107,850149,0.906643787699107,846783,0.907346568772422,2582,0.886067261496225,65,1,3387.66790979516,6775.33581959031,3308.90159539309,3383.7190325052,4161.58520760199,469.776903522576,748.437813286637,2,2,0,0,4,937690,809395,82610,45685,933252,2914,65,82513,45106,97,579,7888,6477,43293,24864.5,1.21784776902887,1.42970009520567,0.578968954541131,0.663675026824066,0.257953605779693,0.472143118441591,87541,0.093358146082394,0.580815285720112,0.66606064474323,0.255254297736256,0.473846310093613,86469,0.0926534312275784,0.0697599533055377,0.0611046304242504,0.998838109992254,0,332,0.113932738503775,0.480912036519824,0.50897923898383,0.338461538461538,0.276923076923077,0,0,1.50051262200392,"FLAGGED","elevated GCT"
"SPL-DU-00023","209927710051_R08C01","~/Desktop/Research Project/My Project/Dara_Validation/data/SinonasalMethyArray_Batch01_2026/209927710051/209927710051_R08C01","EPICv2",2,2.13290106538408e-06,748813,0.798573726015476,748813,0.798573726015476,746260,0.799633968102935,1905,0.653740562800274,62,0.953846153846154,2280.7730001877,4561.54600037539,2191.65816296904,2343.42153879829,3119.25292942743,337.574155671226,743.457108460107,2,2,0,0,4,937690,809395,82610,45685,933252,2914,65,82309,44264,301,1421,5215,4095,47213,25716.5,1.27350427350427,1.44161512266496,0.573439295359341,0.699948891738887,0.295574462516009,0.499960604316431,188877,0.201427977263275,0.574977122283068,0.702258001056739,0.293445983973414,0.501478037145231,186992,0.200366031897065,0.0671350718681822,0.0552431032045715,0.992650918635171,0.0010498687664042,1009,0.346259437199725,0.47634557713954,0.461741472881054,0.387096774193548,0.338709677419355,3,0.0461538461538462,1.20262395577629,"FLAGGED","high NA"
"SPL-DU-00024","210107670102_R02C01","~/Desktop/Research Project/My Project/Dara_Validation/data/SinonasalMethyArray_Batch01_2026/210107670102/210107670102_R02C01","EPICv2",2,2.13290106538408e-06,859142,0.916234397795429,859142,0.916234397795429,856003,0.917226001122955,2394,0.821551132463967,64,0.984615384615385,1634.77744249686,3269.55488499373,1584.991043288,2086.26818430557,1872.88915385547,222.472218859702,366.904093247237,2,2,0,0,4,937690,809395,82610,45685,933252,2914,65,82498,45423,112,262,3465,3979,28940.5,19599,0.870821814526263,1.69567578137913,0.572792191730046,0.680218751920074,0.272852450468025,0.481447769984473,78548,0.0837675564418944,0.57444297020078,0.681995671940056,0.270435968098243,0.483040363176297,77249,0.082773998877045,0.0760420463391518,0.0676278856995238,0.999164578111946,0,520,0.178448867536033,0.460741689587175,0.47451290248119,0.34375,0.265625,1,0.0153846153846154,1.26174497327933,"PASS","pass"
"SPL-DU-00027","210107670102_R03C01","~/Desktop/Research Project/My Project/Dara_Validation/data/SinonasalMethyArray_Batch01_2026/210107670102/210107670102_R03C01","EPICv2",2,2.13290106538408e-06,899209,0.958963962426735,899209,0.958963962426735,895687,0.959748278064231,2683,0.920727522306108,65,1,2060.87724541639,4121.75449083277,2057.0560234645,2053.80427930393,2102.22815639753,248.475801961022,419.245474444566,2,2,0,0,4,937690,809395,82610,45685,933252,2914,65,82513,45282,97,403,3890,3889,29438,17573.5,1.00025713551041,1.6747052317834,0.567710990385469,0.709288113375086,0.326481385306419,0.505161758834709,38481,0.0410380829485224,0.569408629358309,0.71244713510656,0.32409424274328,0.506971743477353,37565,0.0402517219357687,0.097033730383783,0.0874241990418226,0.995527394707417,0,231,0.0792724776938916,0.460112854791144,0.453134796734674,0.369230769230769,0.307692307692308,0,0,1.32389699947382,"PASS","pass"
"SPL-DU-00029","210107670102_R04C01","~/Desktop/Research Project/My Project/Dara_Validation/data/SinonasalMethyArray_Batch01_2026/210107670102/210107670102_R04C01","EPICv2",2,2.13290106538408e-06,892059,0.951338824854323,892059,0.951338824854323,888474,0.952019390261151,2750,0.943719972546328,65,1,1972.47848911365,3944.9569782273,1959.61043522739,1875.89788770931,2151.96762498487,239.424434087883,411.167812192186,2,2,0,0,4,937690,809395,82610,45685,933252,2914,65,82528,45167,82,518,3884,3439,31680.5,18425,1.12939808083745,1.52243053294524,0.552940493258143,0.627653045029713,0.309555758083266,0.453770434466779,45631,0.0486632042572705,0.554646403603149,0.630733201489694,0.307006170129908,0.455420192374791,44778,0.0479806097388487,0.0923906465905241,0.0836014094856936,0.998545454545455,0,164,0.0562800274536719,0.543040764983823,0.576447418503633,0.369230769230769,0.461538461538462,0,0,1.52281454551796,"FLAGGED","elevated GCT"
"SPL-DU-00031","210107670102_R05C01","~/Desktop/Research Project/My Project/Dara_Validation/data/SinonasalMethyArray_Batch01_2026/210107670102/210107670102_R05C01","EPICv2",2,2.13290106538408e-06,872608,0.93059525129894,872608,0.93059525129894,869152,0.931315443202908,2666,0.914893617021277,65,1,1878.17288586395,3756.34577172791,1856.09726486392,1793.76482434059,2141.1438990437,239.367951821813,412.305899091606,2,2,0,0,4,937690,809395,82610,45685,933252,2914,65,82520,45140,90,545,3830,3257,34241.5,18981,1.17592876880565,1.53409649170952,0.572645465127579,0.671826293731876,0.286840138985661,0.4820801551212,65082,0.0694067335686634,0.574386283781167,0.674725578314975,0.284258679724605,0.483818710651301,64100,0.0686845567970923,0.0953287547993536,0.0863783256334966,0.996999249812453,0,248,0.0851063829787234,0.547161493199835,0.528612034752354,0.261538461538462,0.353846153846154,0,0,1.47346638464087,"PASS","pass"
"SPL-DU-00033","210107670102_R06C01","~/Desktop/Research Project/My Project/Dara_Validation/data/SinonasalMethyArray_Batch01_2026/210107670102/210107670102_R06C01","EPICv2",2,2.13290106538408e-06,854279,0.911048237793381,854279,0.911048237793381,851041,0.911909109222375,2435,0.835621139327385,65,1,1749.51669265257,3499.03338530513,1738.21315726724,1633.98639597242,1924.15661542186,209.782157123835,461.104914085586,2,2,0,0,4,937690,809395,82610,45685,933252,2914,65,82517,44588,93,1097,3333,2918,36509,21468.5,1.14222069910898,1.48884062312186,0.492854615255289,0.44144225366137,0.40416772506406,0.387936493815252,83411,0.0889537053823758,0.494274230077893,0.444603368907773,0.402161587984598,0.389217440757848,82211,0.0880908907776249,0.069794482425353,0.0633748550083416,0.99917864476386,0,479,0.164378860672615,0.524616421748548,0.51263625826802,0.384615384615385,0.446153846153846,0,0,1.12352440175525,"PASS","pass"
"SPL-DU-00034","210107670102_R07C01","~/Desktop/Research Project/My Project/Dara_Validation/data/SinonasalMethyArray_Batch01_2026/210107670102/210107670102_R07C01","EPICv2",2,2.13290106538408e-06,897953,0.957624497700728,897953,0.957624497700728,894333,0.958297437348112,2777,0.952985586822237,65,1,2479.60823269574,4959.21646539147,2454.85496785863,2292.39426507606,2825.66790340153,271.860095630069,450.480551603371,2,2,0,0,4,937690,809395,82610,45685,933252,2914,65,82535,45230,75,455,5271,4327,36411.5,19717,1.21816501039982,1.51597351143226,0.510901438031092,0.544289197971233,0.32359266019491,0.377901738732428,39737,0.0423775448175836,0.512467447684806,0.546810579432712,0.321087335477948,0.379251352684067,38919,0.0417025626518882,0.0842021448570568,0.0747811877991051,0.999639899171768,0,137,0.0470144131777625,0.567406234986706,0.585706010392769,0.276923076923077,0.415384615384615,0,0,1.54291354923074,"FLAGGED","elevated GCT"
"SPL-DU-00037","210107670102_R08C01","~/Desktop/Research Project/My Project/Dara_Validation/data/SinonasalMethyArray_Batch01_2026/210107670102/210107670102_R08C01","EPICv2",2,2.13290106538408e-06,856242,0.913141684654171,856242,0.913141684654171,853050,0.914061796813722,2432,0.834591626630062,64,0.984615384615385,1688.60678818541,3377.21357637082,1654.67347011897,1788.34691912006,1965.91900496308,207.781400556833,394.246525117654,2,2,0,0,4,937690,809395,82610,45685,933252,2914,65,82527,45215,83,470,3353,3159,38857,21882,1.06141183918962,1.673009188208,0.554923873846899,0.642541165981894,0.301532744247538,0.461972199448287,81448,0.0868602629867014,0.556566846591814,0.645204482921178,0.299167692397867,0.4635179649493,80202,0.0859382031862777,0.068011856371756,0.0595729581510596,0.999588815789474,0,482,0.165408373369938,0.503971011515293,0.50191717494976,0.3125,0.328125,1,0.0153846153846154,1.23611470900782,"PASS","pass"
"SPL-DU-00038","209927710016_R01C01","~/Desktop/Research Project/My Project/Dara_Validation/data/SinonasalMethyArray_Batch01_2026/209927710016/209927710016_R01C01","EPICv2",2,2.13290106538408e-06,872473,0.93045128016995,872473,0.93045128016995,869282,0.931454741056006,2415,0.82875772134523,64,0.984615384615385,2455.03638577011,4910.07277154021,2399.40987443677,2179.8542957207,3152.23288342816,258.983924464351,719.07171938273,2,2,0,0,4,937690,809395,82610,45685,933252,2914,65,82546,43878,64,1807,5743,3986,43386,22587,1.44079277471149,1.33318229701039,0.587343192440674,0.766437096562179,0.306819809896696,0.540320445446449,65217,0.0695507043905768,0.589031699137367,0.768716992581597,0.304537537876086,0.54213592367034,63970,0.0685452589439937,0.0850427600141171,0.0734243013090629,0.990890269151139,0,499,0.17124227865477,0.423293059240874,0.474030511441623,0.40625,0.21875,1,0.0153846153846154,1.22717537548261,"PASS","pass"
"SPL-DU-00039","209927710013_R08C01","~/Desktop/Research Project/My Project/Dara_Validation/data/SinonasalMethyArray_Batch01_2026/209927710013/209927710013_R08C01","EPICv2",2,2.13290106538408e-06,435886,0.464851848376006,435886,0.464851848376006,435181,0.466305992379336,375,0.128689087165408,30,0.461538461538462,434.906900269599,869.813800539198,433.165561105668,623.559078472146,347.639656215954,138.389934632611,347.431257524352,2,2,0,0,4,937690,809395,82610,45685,933252,2914,65,79890,36116,2720,9569,658,653,3167.5,22159,1.00765696784073,0.14185797423457,0.798732276731457,0.900185006776261,0.108326489036124,0.826241264917891,501804,0.535149143106997,0.799095606265076,0.900265077314844,0.107975761809454,0.826770929797027,498071,0.533694007620664,0.607515289763552,0.844212484856488,0.269333333333333,0.568,2539,0.871310912834592,0.777161437849911,0.88279851657904,0.1,0.766666666666667,35,0.538461538461538,1.11117674684121,"FLAGGED","high NA"
"SPL-DU-00040","209927710016_R03C01","~/Desktop/Research Project/My Project/Dara_Validation/data/SinonasalMethyArray_Batch01_2026/209927710016/209927710016_R03C01","EPICv2",2,2.13290106538408e-06,772912,0.824274172219331,772912,0.824274172219331,770517,0.825625875969192,1702,0.5840768702814,60,0.923076923076923,1345.62356455452,2691.24712910904,1314.84955083624,1119.63687205866,1772.11519186539,183.40848565549,598.675998686659,2,2,0,0,4,937690,809395,82610,45685,933252,2914,65,82510,40981,100,4704,2751.5,1766,44416,20768,1.55804077010193,1.37266939702591,0.61930690371936,0.810288552314655,0.26617648580951,0.58517399134701,164778,0.175727585875929,0.620779012115996,0.811311682995124,0.264203125953094,0.586800810364989,162735,0.174374124030808,0.0855284740963375,0.0713905730781307,0.988836662749706,0.000587544065804935,1212,0.4159231297186,0.476830608791912,0.467033818794353,0.283333333333333,0.266666666666667,5,0.0769230769230769,1.11869740770522,"PASS","pass"
"SPL-DU-00041","209927710016_R04C01","~/Desktop/Research Project/My Project/Dara_Validation/data/SinonasalMethyArray_Batch01_2026/209927710016/209927710016_R04C01","EPICv2",2,2.13290106538408e-06,774926,0.826422008173294,774926,0.826422008173294,772364,0.827604977005139,1893,0.649622512010981,63,0.969230769230769,1361.71442100144,2723.42884200288,1309.73649080237,1325.66703513188,1890.91666868418,172.197808981963,506.154700667615,2,2,0,0,4,937690,809395,82610,45685,933252,2914,65,82528,43322,82,2363,3120,2256,44340.5,21244.5,1.38297872340426,1.50917142355397,0.532725409162364,0.594679246441095,0.291698820274452,0.414587973561347,162764,0.173579754503087,0.534090743493251,0.59653581465546,0.289617330688639,0.415771579203588,160888,0.172395022994861,0.0600025657307256,0.0538870773947366,0.999471737982039,0,1021,0.350377487989019,0.527877623180039,0.467858854841693,0.26984126984127,0.333333333333333,2,0.0307692307692308,1.11374592619354,"PASS","pass"
"SPL-DU-00042","209927710016_R05C01","~/Desktop/Research Project/My Project/Dara_Validation/data/SinonasalMethyArray_Batch01_2026/209927710016/209927710016_R05C01","EPICv2",2,2.13290106538408e-06,832620,0.887949936439413,832620,0.887949936439413,829476,0.888801738437207,2378,0.816060398078243,64,0.984615384615385,1848.08777599799,3696.17555199597,1799.60341638734,1623.75095764474,2447.18871807287,227.270941774604,564.538754514611,2,2,0,0,4,937690,809395,82610,45685,933252,2914,65,82492,43854,118,1831,3949,2701,46573,20837.5,1.46205109218808,1.52871332646613,0.637977731915744,0.813197263359527,0.23717302010521,0.595998174437318,105070,0.112051957469953,0.639965329982113,0.814660554668312,0.234546870554422,0.598082403830852,103776,0.111198261562793,0.0648759236475981,0.0565488196796275,0.997056349873844,0,536,0.183939601921757,0.499022629468363,0.483624442834883,0.25,0.265625,1,0.0153846153846154,1.39672893440992,"PASS","pass"
"SPL-DU-00043 T","210252230036_R01C01","~/Desktop/Research Project/My Project/Dara_Validation/data/SinonasalMethyArray_Batch01_2026/210252230036/210252230036_R01C01","EPICv2",2,2.13290106538408e-06,284153,0.303035764561347,284153,0.303035764561347,283441,0.303713252154831,478,0.164035689773507,21,0.323076923076923,609.676377430446,1219.35275486089,587.282554951674,673.500919338951,793.789426219586,201.772291490134,573.21096640035,2,2,0,0,4,937690,809395,82610,45685,933252,2914,65,81222,36765,1388,8920,1149,712,32753,23445.5,1.61376404494382,0.865668373474851,0.79881378421215,0.94196520539297,0.118594559972972,0.770461687893494,653537,0.696964881783958,0.79959512693509,0.942076172611559,0.117886967658172,0.771620901704411,649811,0.696286747845169,0.503808743507116,0.531793136650915,0.389121338912134,0.317991631799163,2436,0.835964310226493,0.708014410090771,0.887491862969856,0.142857142857143,0.571428571428571,44,0.676923076923077,1.08109938617454,"FLAGGED","high NA"
"SPL-DU-00045","209927710016_R07C01","~/Desktop/Research Project/My Project/Dara_Validation/data/SinonasalMethyArray_Batch01_2026/209927710016/209927710016_R07C01","EPICv2",2,2.13290106538408e-06,809611,0.863411923795548,809611,0.863411923795548,807051,0.864772858777693,1892,0.649279341111874,62,0.953846153846154,1501.81929916987,3003.63859833975,1447.64916177926,1591.89667286856,1982.75072630432,182.798795545333,640.767549523914,2,2,0,0,4,937690,809395,82610,45685,933252,2914,65,82522,43763,88,1922,3375,2713,38867.5,24123,1.24401032067822,1.29518351166322,0.54380137232829,0.622420205565663,0.292624482621901,0.441244004836891,128079,0.136589917776664,0.545073113310917,0.624484611903171,0.290674319218984,0.442433006092552,126201,0.135227141222307,0.0809866558381275,0.0700508835952376,0.991014799154334,0.00369978858350951,1022,0.350720658888126,0.528449362544932,0.55358188757045,0.32258064516129,0.419354838709677,3,0.0461538461538462,1.11354659251507,"PASS","pass"
"SPL-DU-00048","210252230036_R02C01","~/Desktop/Research Project/My Project/Dara_Validation/data/SinonasalMethyArray_Batch01_2026/210252230036/210252230036_R02C01","EPICv2",2,2.13290106538408e-06,533344,0.568786206072809,533344,0.568786206072809,532140,0.570199688830027,792,0.271791352093342,40,0.615384615384615,811.902198812398,1623.8043976248,768.023958077226,1148.94062602605,1055.42163176371,175.92498486866,537.313428915399,2,2,0,0,4,937690,809395,82610,45685,933252,2914,65,82149,43264,461,2421,1706,1865,32395,24375.5,0.914745308310992,1.45286165170316,0.558399895849372,0.713111058635977,0.305268269634607,0.510169796604068,404346,0.431215007091896,0.559229313847515,0.714175317010725,0.304091028676664,0.511059119780509,401112,0.429800311169973,0.104471507599892,0.063233679566447,0.940656565656566,0.0303030303030303,2122,0.728208647906658,0.57933807526058,0.623520073659602,0.2,0.475,25,0.384615384615385,1.05233229983615,"FLAGGED","high NA"
"SPL-DU-00050","210252230036_R03C01","~/Desktop/Research Project/My Project/Dara_Validation/data/SinonasalMethyArray_Batch01_2026/210252230036/210252230036_R03C01","EPICv2",2,2.13290106538408e-06,382802,0.40824026755168,382802,0.40824026755168,382091,0.40941889221775,392,0.13452299245024,23,0.353846153846154,475.246819304502,950.493638609004,474.43492036625,637.502298347379,393.471050720252,161.121807287253,385.173853562438,2,2,0,0,4,937690,809395,82610,45685,933252,2914,65,78245,38270,4365,7415,754,790,3641.5,22183,0.954430379746835,0.17199498361292,0.820865133907378,0.923579287140689,0.0882022559965726,0.82045287119712,554888,0.591760603184421,0.82123829264163,0.923650345392371,0.087952869866079,0.821081888869405,551161,0.59058110778225,0.718526299192213,0.88391475001058,0.0994897959183673,0.602040816326531,2522,0.86547700754976,0.76593139375856,0.896688578418238,0.0434782608695652,0.739130434782609,42,0.646153846153846,1.12497697498393,"FLAGGED","high NA"
"SPL-DU-00052","210252230036_R04C01","~/Desktop/Research Project/My Project/Dara_Validation/data/SinonasalMethyArray_Batch01_2026/210252230036/210252230036_R04C01","EPICv2",2,2.13290106538408e-06,106318,0.11338312956975,106318,0.11338312956975,105862,0.113433456344053,282,0.0967741935483871,9,0.138461538461538,172.738939817935,345.47787963587,169.525617345344,87.8437671007989,251.171050720252,87.8181939232538,251.442278647258,2,2,0,0,4,937690,809395,82610,45685,933252,2914,65,82503,173,107,45512,492,172,1354,376.5,2.86046511627907,1.25723663611138,0.499236801115702,0.503021217260345,0.0139487198781015,0.0114467917003706,831372,0.886617112265248,0.499229233247268,0.503033640193027,0.0139521263531768,0.0114205286127222,827390,0.886566543655947,0.503639086064841,0.520531591223921,0.0141843971631206,0.0141843971631206,2632,0.903225806451613,0.538976597876605,0.514067483498913,0,0.111111111111111,56,0.861538461538462,1.00031097347604,"FLAGGED","high NA"
"SPL-DU-00053 T","210252230036_R05C01","~/Desktop/Research Project/My Project/Dara_Validation/data/SinonasalMethyArray_Batch01_2026/210252230036/210252230036_R05C01","EPICv2",2,2.13290106538408e-06,127357,0.135820230183174,127357,0.135820230183174,126882,0.135956847668154,313,0.107412491420728,5,0.0769230769230769,239.918991178302,479.837982356605,235.619674249716,141.266991353836,336.599219222854,127.346501634185,336.964233336982,2,2,0,0,4,937690,809395,82610,45685,933252,2914,65,81833,2073,777,43612,660,266,1842,1231.5,2.4812030075188,0.602827298564205,0.508315382326382,0.5218228503614,0.0123511075166658,0.0149658047849745,810333,0.86418005950794,0.508363396611947,0.521889521835224,0.0123579388723381,0.0150139499692628,806370,0.864043152331846,0.495396715251802,0.494102800646673,0.012779552715655,0.00319488817891374,2601,0.892587508579272,0.48719751816912,0.455613374655492,0,0,60,0.923076923076923,1.0004910440957,"FLAGGED","high NA"
"SPL-DU-00054","210252230036_R06C01","~/Desktop/Research Project/My Project/Dara_Validation/data/SinonasalMethyArray_Batch01_2026/210252230036/210252230036_R06C01","EPICv2",2,2.13290106538408e-06,679354,0.724498980471116,679354,0.724498980471116,677346,0.725791104653405,1433,0.491763898421414,53,0.815384615384615,1637.46729029272,3274.93458058544,1510.85355630701,2039.96298566269,2655.410083525,231.035147076625,617.597252927657,2,2,0,0,4,937690,809395,82610,45685,933252,2914,65,82512,44519,98,1166,4518,3706,48574,23213,1.21910415542364,1.71645248393217,0.527893062396179,0.609191176779133,0.346948718930042,0.450670784303912,258336,0.275502564813531,0.52907545536313,0.611694985985797,0.345275531264671,0.451817830178373,255906,0.274208895346594,0.065104792006835,0.0572744198073797,0.996510816468946,0,1481,0.508236101578586,0.519658136093764,0.574067495220329,0.30188679245283,0.339622641509434,12,0.184615384615385,1.2233611231795,"FLAGGED","high NA"
"SPL-DU-00055 T","210252230036_R07C01","~/Desktop/Research Project/My Project/Dara_Validation/data/SinonasalMethyArray_Batch01_2026/210252230036/210252230036_R07C01","EPICv2",2,2.13290106538408e-06,792817,0.845501915349242,792817,0.845501915349242,789691,0.846171237779292,2366,0.81194234728895,64,0.984615384615385,2063.60060435881,4127.20120871761,2017.96735269517,2035.48659297362,2526.25189444377,239.377236412057,468.220083178286,2,2,0,0,4,937690,809395,82610,45685,933252,2914,65,82467,45004,143,681,4111,3376,46991,24059,1.21771327014218,1.60395461780797,0.487379962320506,0.465966435853453,0.40375521715604,0.38032736432241,144873,0.154499888022694,0.488891877165857,0.469467959790697,0.401640641719356,0.381642946418283,143561,0.153828762220708,0.0582615846490456,0.0489454333838345,0.999154691462384,0,548,0.18805765271105,0.495083194585847,0.538271058617718,0.359375,0.359375,1,0.0153846153846154,1.55616883307741,"FLAGGED","elevated GCT"
"SPL-DU-00056","210252230036_R08C01","~/Desktop/Research Project/My Project/Dara_Validation/data/SinonasalMethyArray_Batch01_2026/210252230036/210252230036_R08C01","EPICv2",2,2.13290106538408e-06,937688,1,937688,1,933252,1,2914,1,65,1,0,0,0,0,0,0,0,2,2,0,0,4,937690,809395,82610,45685,933252,2914,65,0,45685,82610,0,0,0,0,0,NA,NA,0.5,0.5,0,0,45687,0.0487229254871013,0.5,0.5,0,0,45462,0.0487135307505368,0.5,0.5,0,0,0,0,0.5,0.5,0,0,7,0.107692307692308,NA,"FLAGGED","missing metric"
"SPL-DU-00057","210252240105_R08C01","~/Desktop/Research Project/My Project/Dara_Validation/data/SinonasalMethyArray_Batch01_2026/210252240105/210252240105_R08C01","EPICv2",2,2.13290106538408e-06,789682,0.842158585798261,789682,0.842158585798261,786923,0.843205265030238,2088,0.716540837336994,62,0.953846153846154,1745.49209065275,3490.98418130551,1630.98680430891,1938.60147750903,2760.59407456724,226.871692289069,458.644390937945,2,2,0,0,4,937690,809395,82610,45685,933252,2914,65,82538,45108,72,577,4980,3676,36827.5,16108.5,1.35473340587595,1.6875758302166,0.565869008350593,0.722358483457873,0.332359101511748,0.511491967652802,148008,0.157843210442684,0.567418078864476,0.725315834045485,0.330277549391745,0.513122630803776,146329,0.156794734969762,0.0787521109150601,0.0664383124915446,0.991858237547893,0.000478927203065134,826,0.283459162663006,0.514103999913114,0.513799940386147,0.241935483870968,0.258064516129032,3,0.0461538461538462,1.48536916968957,"PASS","pass"
